Hi,579.7893915582563,-3.4686928306560336,11.704180181152283,6.706403997609433,7.535985946056334,4.280212593994831,5.056608548874104,4.950186606929108,5.0924435838960065,3.2703525238161237,3.326622475183461,1.7194173125775247,1.207881326987284
Hi,620.165848902327,-0.045770565527099905,14.021699719065301,5.668527560868583,8.681191909486621,4.45578792999806,5.119245477615516,3.3033211714352824,3.7092623146693935,2.6482283216240265,3.1559890866517044,2.5821755008772147,2.7563605016555908
Hi,599.701841563043,-3.235489207430019,12.453735295014942,5.8609676093643,7.66063911430153,2.9532223352362372,4.654103874687362,3.53850659487631,4.2877592657010055,2.655128831574533,2.440848667733267,1.7400074802166703,1.5693947637637748
Hi,596.3120397462408,-1.5656724771803816,13.139075811356761,5.354935317571774,6.43636303806829,3.0887100836882126,3.9379694533914034,5.471819599253077,6.482138028469622,3.821104076639342,2.819378455565948,2.097632816617425,2.4195472028899925
Hi,579.4115531119926,-1.281939002963643,12.361838353436537,5.801000958842671,9.303707856267009,4.931694781048762,5.5137225632059295,5.29646345270692,4.426706219575442,1.5924460455529381,2.0965986093123234,2.288924337592416,3.1510663989116114
Hi,587.3188261060494,-4.185592068620998,11.752033095156165,5.3084633353242,8.203519559785926,3.012420914101485,5.288581974164401,3.3697982837316385,4.01741235814468,1.3050985137906554,2.968836940796299,2.3905004301002624,1.4000397837668679
Hi,586.8311731483685,-4.700607447219603,9.813843882445944,6.940814674516419,8.03937682113608,3.8634255365445984,5.500648561742093,3.8815847357689037,3.6482643021135797,2.546682394679644,3.3427116125933694,2.640775032175924,2.5568355347403475
Hi,592.1487082982458,2.0362029240902757,11.697534153462833,5.283815738249997,6.133995004896777,3.647047567929251,3.979987467029476,2.7601459879745995,2.919409679048968,0.5541599492023774,0.4136593137112836,1.0488402437138031,1.9534918902051217
Hi,588.9499377687464,2.3382795113696755,11.811967548838366,4.522965920491597,8.328566921380304,3.0046736334800475,5.844239154407282,4.105144480169576,3.360563931472157,0.19345535827923577,1.2395651115929027,1.8363746239115475,1.6734348708502171
Hi,588.9691540049256,-4.388723840617766,9.718242671538826,5.678914895538513,5.460042035948129,2.4367317371174337,3.9140471520336853,3.679827785136313,3.033830846922486,1.0551669028469455,1.1646716078871915,1.450035658164646,1.1032085188365315
Hi,592.4675282067097,-1.5308914149601254,10.826712656186967,6.68647199071882,6.831882518253654,3.1170982904417848,3.504392264794488,3.9147365686306035,2.6897192699040673,1.6157833290184982,2.571087866164948,1.6555890660922294,1.102490447449954
Hi,580.7185230020916,-4.437712457705889,10.22225620532794,5.395117503185723,6.342671593663306,4.162544221080362,3.433656841251249,3.4265082262050086,4.2660577945939995,3.6231824437143594,3.271852071505469,2.418181672512709,1.9128876145183824
Hi,590.0549122959155,-3.4478103204096673,9.60127397247303,3.1533773756317043,4.429546092489096,2.8117038239105305,4.033414806066098,3.9207479550562123,4.707748692128826,4.808025414837317,4.420081771868201,2.0974775611933456,1.7934542381381888
Hi,588.8603230392929,-4.307163975756573,9.860367061057124,8.484155625994417,7.787656862108104,3.849079369018055,3.8359544335624314,3.2678515131010695,3.5977895143411143,2.320687400520857,2.362444500698045,2.002127877071967,1.304872826120672
Hi,580.8603067048692,-3.862485732138099,11.449672985110276,6.038671061847856,6.594257031629887,4.037873836076924,5.387565875699972,4.446146986581418,3.7850035066303924,2.1190158924002773,2.7662972600596856,1.6559141249194482,0.6510005840080968
Hi,584.6555619262612,-1.4041244659529806,12.877892602221532,6.019852078462723,6.668869717210104,3.2158509051012256,5.138593961889452,3.9411006588472652,3.2642354295875844,1.3160305567403565,2.464102144491438,2.099064063361949,1.0742363168207145
Hi,573.5371597599105,-3.2136660577905705,15.911279821765978,8.264123946504183,7.183203379088733,3.058752190860142,3.723377712135628,3.1748509539906085,2.8879305027167703,0.47417417363149283,1.4166023090007158,1.8237005286359356,1.2609027452558301
Hi,574.2162384578386,-3.0662068314913444,14.269645859575586,4.664598691917023,3.328821778969246,2.843995248101036,5.964535131273811,4.7829070516001,5.522211678283746,3.7005698676344263,2.325556093274443,1.335569669157545,1.480839977638114
Hi,577.4936965069024,-2.747008291697014,15.22836515905722,6.278869781416569,4.537856711501668,4.098147803477621,5.481309659004076,3.917791460365809,3.44995602470296,2.1048678304182875,1.2384162829043337,1.0285344311086568,1.52314928150113
Hi,573.080784857543,-10.885077377042542,11.392729504035573,6.549947099722903,7.799379091226266,5.1193916321260176,6.34224337998481,5.4007600168362355,4.1841177915732715,3.142822257662928,3.397739643745261,2.3568393377375685,2.4986586532416535
Hi,597.5041760454146,3.0493131486730327,13.352118411810936,6.416226973345315,5.314360623692659,0.8470135760538025,1.2813268958626267,1.6000207086984588,1.981063622445971,3.1132196956566656,5.430897749943487,3.8903756817280595,1.9095166722515078
Hi,573.2373629220798,-0.1331023114722818,9.726375140917337,6.368180543069403,6.8160755226482035,1.4537178288273669,4.103041973406011,5.785224334584806,4.805995124579582,2.4426091645914774,2.625181194713061,2.15641202823058,3.447084789918746
Hi,581.2037826758401,-0.07088101522868229,11.782579130793676,6.39035108427095,6.116528414086252,4.249595287674673,5.482570801469956,4.070910209956079,3.1665176723209534,2.4191731968790258,3.364343014865012,1.2457042161286633,1.575266753386817
Hi,573.6215806055399,-0.574454543814749,12.076875130539207,6.5456014607662905,6.944777247962035,4.467906499307279,5.089812551932814,4.179785239747387,3.6807832037956576,2.1379107298123703,2.8519268052512956,0.9628041801369278,1.587642898799226
Hi,576.0011090739121,-2.5272656098332327,15.608437162293244,5.844387544633834,8.63663036200289,3.17357617713985,3.8548377863309558,3.2007893239671095,3.5359484455030064,1.4136711251278182,1.0233794746931864,0.2064710347942338,1.8293277286516574
Hi,567.1017696344283,-0.8183531209532315,13.996067019027713,5.287338472085645,6.626650218243064,4.184359496719603,4.270813462038362,4.5698846950137,3.8291760849929783,2.637365026061431,2.094301788813839,2.1729665102590356,1.1424461348713564
Hi,569.8642950199082,-4.249743636679936,13.996613062243464,7.191575758926689,7.415127484727327,4.6907209516341535,4.1162872990865775,2.871676823603794,2.6356135719029474,2.0887426658184705,2.611821086575711,2.0482560074018856,3.20712250489092
Hi,568.9355825977729,-5.252357893137665,12.790067499532503,3.54533523453207,5.658943588863753,4.305727174851427,5.552903085712423,5.955866829732157,5.0786008845951525,3.4418772791421954,3.968994868524499,2.849403911836019,1.6435788875245603
Hi,579.6566186400179,-1.5768244649635186,14.15801782686279,6.881002251921593,7.435968553921878,2.3659121487163794,3.0987330221122296,2.540312104325279,2.164878586561761,0.8784779521950199,2.126027421451674,1.817126697176624,1.8222043622117319
Hi,582.5758369414841,-3.15793329587121,14.71956839601923,5.5207540524514815,8.613373297979969,4.164955938952691,5.242647050443363,3.2995243818179087,3.4367423979007086,1.1726237767395276,2.0413874604756526,0.4071825665992339,0.4740892473551668
Hi,579.8485544689318,3.07020992119414,17.803622114194376,6.488509589539181,8.096793422831823,2.9991398267014038,3.2879032665246157,1.1060427176704284,1.2709274140392068,1.3857992688940488,1.6484250658764452,0.010543553925398186,0.13328858095469975
Hi,586.0238809103289,3.5194088387233613,16.084791759386263,6.631212279994289,7.321972241437562,3.724182339537098,4.389855192526317,2.1398243216637454,1.742383253943224,-0.16995591734060156,-0.1825270960300287,0.5134725985233786,1.3127382064870705
Hi,576.050665205216,0.7079298963153455,13.321301536557144,6.394532052059178,6.810875014391584,3.0242511192152044,2.561483444036705,2.0229452684666516,3.7232821424280456,3.363553788463733,2.3760740906539652,1.596393956437188,2.2189363160371425
Hi,582.1574859071716,0.01662892087640877,13.195851301312246,5.813252097542817,5.114318424572163,2.2874759122929493,4.583340732239035,3.7137832280713265,3.5003259454269635,2.6578224251113713,2.694311676256751,1.4256053099367367,1.0161265751890216
Hi,577.8829734112629,-1.090482609744635,15.136339887301496,6.085413025147652,6.097772038708348,2.8129409159753127,3.3846724082753497,3.1090235761143976,3.0382864156915623,1.6186725731036695,2.274197803202279,0.7245175394137888,1.673955478699753
Hi,583.7857086323661,-1.4106197663213607,12.956371473084493,5.886765193119466,5.59554191123215,2.752293714784985,3.7382147757999338,3.5767806120401016,3.0803971099255154,2.575344365706666,1.6002235534627545,1.9844356780175527,1.2605616069151662
Hi,571.5975279170281,-0.471765624020442,13.370025109667319,6.526568212011318,7.086422062748495,4.031588923246277,4.53354217290995,2.731194896753424,2.369974334911788,1.860366104492801,2.3960905656726172,1.2094293474197713,2.080852512422295
Hi,580.9427243178477,2.369110705808996,15.961991929037918,7.240024851947952,6.302187849786694,2.107108397226183,3.9630364753758283,4.159030071884537,2.681446191934718,1.4212254370559947,0.19710233253319664,0.16228123240066594,0.9757776124162625
Hi,569.8601106564224,-2.3409166395182037,13.075556684017943,4.918176324492224,5.483209659616598,3.983072896954292,5.876281005970284,4.486395721312357,3.6893618792584526,3.149919602305811,2.2874371879001103,1.1544391110807446,0.3084237816707365
Hi,540.4235784258018,-0.8402129987170266,13.917393555743855,6.630080990082,7.554571820662588,3.577940448217978,5.447737315579504,3.342204288893056,2.464488277965186,0.8540259592889772,1.6541012746916763,1.848126700198474,1.8880658137830064
Hi,570.1121102235278,-3.3776347556243795,13.42829004015916,5.905529199810028,6.2505614199087915,4.546390203422536,5.114018089019538,3.638768142159634,3.323252186168549,4.069204203131775,2.990432816561407,2.5778571561794923,1.6779035495331716
Hi,572.8921931321925,-6.348531533796345,12.333816570480298,6.615644580555745,6.057991635139425,5.030554518031639,4.735882411085823,5.27664282433877,5.011367316864604,3.661463058532913,2.5075014784577494,1.9953326808493692,2.1391465717441065
Hi,571.5766439994131,1.4666671099098636,15.77030214374606,7.186230198993734,7.147288377736146,3.930080733715787,4.080283660531977,3.3737333995670085,2.760130779221285,3.019570153452058,1.899019524676767,1.5817001929529955,1.3040192774089565
Hi,528.3385761305632,-8.323548765595616,15.434238695434688,9.536522090585086,9.38831493754277,6.056821629601572,5.207986328140894,3.9471843348637226,3.5222462305817324,2.2704413228361826,2.631085294585924,1.5907459343347288,2.002247193274812
Hi,564.3721091262979,-6.361674120918945,12.562805762313562,5.473728660401152,7.350738589585303,6.473606969449689,6.533704958190976,4.053007945581069,4.581299272225076,3.292779261599165,2.5066147357866324,1.9307968898668015,2.3589500021707046
Hi,567.269763370418,-8.188955537540384,13.3542598100549,6.576984120886609,7.409370256123706,4.73220846621056,6.100971063749212,3.94957866542458,5.166576046380785,4.338049673668312,2.89577348048895,2.6086654336298896,0.23358833397890066
Hi,570.1084620547987,-1.8228402984259908,13.225365314221426,5.060706556533974,5.902325152042595,3.7726848146820053,4.498769408923891,2.70518783872034,4.849297287307191,3.5255217255416333,2.879150703569838,1.2133107949119015,0.30372825663743086
Hi,568.8946285918704,-4.290652220077609,12.965805098466463,5.86507536381291,6.971065923825783,5.874677585256398,5.8052101701394445,4.219172154525907,3.19032202349206,2.9528850675864025,2.271660857053188,1.8827823977043252,1.8919238284341109
Hi,578.4346890724422,-2.0073725129223376,15.379653827617956,6.047545761213552,8.39312821178536,4.3096495864068665,5.3873894407113205,3.4460079346118135,4.432172145186819,1.5623916172888705,1.1472370803421477,1.3086962670657396,1.0969748251736213
Hi,528.6717477708627,-7.898331614991152,14.82063956325102,7.62028615001946,8.415942789625525,6.405022870302899,6.362870078507218,3.7387772620850264,4.081691826605454,2.9093237378292596,3.456404419199405,1.9815036106053636,1.3297526219844382
Hi,559.3149435602653,-10.294919256088795,14.324233493495933,8.746126255439579,9.403557745455373,5.982278811751877,5.424579279171928,5.105293888419345,5.136585517678164,3.369717539207679,2.397415685122498,1.7925384519030398,1.203642683910644
Hi,518.5441098126279,-5.918485834373479,15.792879979365077,9.137113316877535,9.703369738786021,5.689390995696149,5.917481212175623,3.6604883547529745,4.321501665694681,4.9662379489640465,3.3658143619461693,2.108603566154482,1.106145742875988
Hi,564.2780806291009,-6.851817788434774,11.735172814106514,4.523508140170467,6.010475064321771,5.110597465290759,7.198681760636783,6.815176021361808,6.756759532822501,4.420454538818353,2.618181639294832,1.5013700318074275,2.6335045059271227
Hi,537.7157597034096,-1.5313362299547748,14.22104496032718,6.019074712133348,5.968268711641244,3.961408739274349,4.9095003467185325,3.34185720969878,4.0087555886359105,3.195342971735098,1.5242682717834661,0.8656126621610785,1.6613178647750537
Hi,531.2477898162434,-8.2812595781407,11.483434976508299,6.47656131032773,9.699140817589157,7.727680435152529,6.5420479947871755,4.83051646828412,3.6118903182825886,3.540348089994822,3.520899551697239,2.5333763254292787,1.1660181983534592
Hi,575.645355696126,-4.43756235783451,12.846254476849042,5.594880012644278,6.924196476380125,3.786456794282497,5.273707482061109,4.776481835834616,4.266812062709175,3.963252777434544,2.314117284559991,1.5438370851257872,1.9175314627389692
Hi,567.7747544485323,0.7253249552088725,15.25594576232614,5.939227101383876,6.874345975777496,3.5599333930998185,5.374116465286953,4.248372375529284,4.62006745854336,3.131187937601327,3.02628385270029,1.4495281937798037,0.37956127356713765
Hi,535.3647259993,-4.8686173036832106,11.957536230019997,6.201680822824967,8.289708300009838,6.238461361941834,5.056915929281875,4.083716556653966,4.695673114539575,2.2867509704719478,2.7284855530007253,0.9795155886679492,1.243408084247557
Hi,577.0658774447544,-5.713341990340293,12.413136984299493,6.648310813264553,6.415530368159994,2.7127116614909497,4.317533304533832,4.32215079931648,5.617525513415117,3.014051534453076,2.518964286255377,2.3720364802996006,1.5354446699423878
Hi,569.6448428106131,-3.673441442991656,14.93466077127407,8.037232976185313,7.166359283319567,2.8576985818385197,3.35134186534005,2.7889674556156656,4.424727822550738,3.1363626249012224,3.106136072283844,2.0862205945626275,0.7624080918229694
Hi,568.5334019040288,-7.345277956201185,14.187802174562048,7.6854128506771655,9.454136028437823,4.366861417400001,5.094865875826706,4.271666413477082,5.365979872627271,3.5976069701590845,3.7937403702375985,2.008408356509758,0.6761557985892512
Hi,574.2835550036532,-2.464473692339004,12.137141486363797,7.420690747757428,7.551658619443462,2.74884119752082,5.546684514252757,4.5291975510828415,3.0507854505596317,1.1723582678076951,1.9168150413392215,1.8152784430235105,1.1751378414739833
Hi,582.9717363990521,-1.8003781404185109,13.220731061197249,6.916187609379502,5.378525149983309,2.9604094179757166,4.366626882651026,4.658046244931402,3.9957643358960944,1.5911541971340828,2.3670565641097703,1.1439120032665109,0.8732976102387724
Hi,571.7202420673394,-4.8740497521133115,12.957638507656524,5.649743851584969,6.654110513206916,4.636702866716213,5.699294126976628,4.947836137060811,4.735069780768962,3.157469386652206,3.192585407714482,0.8498024580895969,1.852453081894602
Hi,579.6774743155555,2.902670362632499,13.797511530180321,2.46480154395492,3.8220807237688277,2.143537269867087,4.177898247892081,2.6994603182608046,3.1089755735581797,3.7947170060812905,2.5789690363782345,1.9858446589179195,2.0758866234748634
Hi,581.9864534921655,4.096990309417057,13.598517962126012,4.389482926668505,3.30032020421773,2.5191903817855525,3.4384671369061373,2.779866647073753,3.9034530145990836,3.585320851121285,2.401785957711617,1.9547536048229777,1.9968524520179773
Hi,591.484465612115,6.018006911388438,12.695193783451545,5.2031816737073004,3.7242565400133056,0.48412570777618846,2.1459502466195772,2.8222658924212247,4.4700517372165205,3.6595649436262416,4.252040226848063,2.817992001307987,1.4606153230971923
Hi,580.3863408543987,-0.8701687436188372,10.214082971061567,6.584036230848726,6.527661252653305,2.8896432981303057,3.755955924597112,3.206934346549014,3.263296836593211,2.552111939246954,1.9886453567632003,1.2299207904984328,1.289521235983699
Hi,578.8563479029795,-4.655136611924906,12.746703091306177,4.21933914216811,5.705486562120045,3.319797959185829,4.472665067626128,3.4883245726270946,1.9036223451004588,2.418411970951551,4.5634679216992815,4.542329379554468,3.806795687475237
Hi,571.1165142420342,-8.411562635363708,12.594366585237296,6.888994383539558,8.66827008797525,4.673966388524848,5.188845205884883,4.264365837916781,3.779062032907552,2.8929601561353984,2.3676871572868468,2.2014077503718,1.8550495413795733
Hi,580.0647044061669,-0.25788963039076584,16.001746184053495,5.546711662987539,6.862104685044077,3.6359773017069177,4.349637013565191,3.374496700679668,2.407130219447133,0.9729716701987208,1.5955482778753662,1.6269185896868965,1.9493966148385518
Hi,544.9318666331577,-2.0232114558998315,13.009164734606115,4.470807708467303,4.8419934745875395,2.2055163335917634,4.238389114511703,4.223470145874611,4.99057876010748,3.859718969690693,2.9879611454211155,1.6352103588537936,1.2568801292346894
Hi,586.6250487290258,-2.0047466755427656,11.143201558124785,6.4482320480558535,6.0903958285930635,1.4074246475659375,3.276982078610219,3.6326653961201476,3.1468741835231437,2.7875973682143673,3.222260595983231,2.050257223470476,2.4199593127652594
Hi,530.5727509799016,-8.502075648444523,14.944644787239493,8.009644728674079,7.78910711727967,4.958824699269012,5.736558893962886,3.880468542087364,4.655560885013326,4.139369253860826,4.189897763110359,2.1639785036909753,1.2924481984235268
Hi,578.1848333068315,-6.0100946827987975,11.041838402704713,3.3504344493883877,4.979863554889182,4.221022800033008,4.990851574202832,4.726996324283325,5.512325655085675,4.092673916065131,4.406746883955583,2.9651291312854102,3.164194105303835
Hi,584.0746540652581,2.3168941229645146,12.5198175154584,2.2245506845144085,1.5754160502579584,0.23406841874108508,3.08477982157887,3.415279376436974,4.526916467019495,4.649006411217238,4.9043820689284505,4.492497481940486,2.752490019034182
Hi,574.3928340559347,-1.1937778358276745,14.390052902752041,2.476453605145103,4.821044255138691,2.7545989592361693,3.5211228071645433,3.0386690246146557,3.348481100905964,3.5521536398723317,3.0862722432070715,2.5527328732270416,2.8360751158135074
Hi,560.0695755227732,-10.822474165359447,13.865557731937281,7.606056064079485,9.348071761068411,6.973103844151861,6.044196570667111,4.604678155800713,4.278181540882386,3.3430230261840777,2.786088910465333,2.362262022525119,1.878339686023816
Hi,576.7702938732841,2.1004380277538655,16.819176805535037,5.176978228309995,5.721813874847127,3.5070188019431505,3.6240196940095952,2.366284801689499,1.023490092788407,1.760757039785613,2.2666694019693185,1.2675121121870028,0.20558484173878533
Hi,577.570279497916,0.7240120349485402,13.944089720778866,4.63724159315943,6.691277249105269,5.409935349358626,3.012090521107419,1.5490628051623627,1.9141196591960732,0.978819935600443,1.6185743434612512,2.1317126841711485,3.0033763056030818
Hi,587.317912039129,3.401154232203318,15.948863368816658,7.386423006628593,6.5191049219619135,2.5684314465501963,4.480671685582502,1.4562903543659917,0.893031698278941,0.17028879493387272,1.1530047307585232,1.918739099624764,1.511230472638088
Hi,583.206087226514,2.569258737806882,12.380669882152553,4.249138959351923,4.216184114549623,2.320487042036236,4.350779745938855,5.220451942719496,6.42116594112243,4.652216841669638,3.7184399165602446,0.938611922238632,-0.16637163234962316
Hi,587.9167698100017,3.419640309141185,15.638378455850802,9.103709245535613,7.798891384632913,3.4006353305212986,4.974115703245433,3.809159372372479,2.8780438564758626,1.3939393490291074,1.092886127037163,2.1670153620574624,1.8552464198922163
Hi,580.5414873739062,1.2894981249817743,14.073960239056468,7.918983162203368,7.918054297118074,4.748961904856397,5.364824151353595,3.6681574326349313,3.7828322373083605,1.5026090137642782,1.0797333220394112,3.0108247165738558,1.4869167228464573
Hi,582.3694608912914,3.0893027730353317,12.768671098912211,5.54161793213345,6.832191606306292,3.5849582545832295,3.796986115466609,3.2716114187046337,5.63978050147645,2.434732700939449,2.1182127837519236,0.8448587271693473,1.193675441859126
Hi,574.7699692234372,-0.2800958294595972,14.40419321499564,7.493399285927278,6.52135408002848,2.829401202365302,3.719535696395676,3.5806652822925322,4.284546649784767,2.337215306621877,2.3659239460197163,1.0879249271478972,1.8214532225588265
Hi,572.2846570237838,-3.9927812669940046,12.40195737747056,5.380217488012644,6.056191300527695,4.0094222098497045,4.23306115078749,3.9030922965589205,3.652163570477713,2.7612246524901085,2.557967585990717,2.2072530989580184,2.310902826028107
Hi,545.1723927397209,-1.77317285204456,12.858759086768885,7.908976743240547,7.275267917251135,2.1356352671683645,3.5434901157380345,4.718446285771414,4.614840103839237,3.493755027703477,1.604298155029234,1.6246964053232364,1.6461642280122852
Hi,579.7494768599174,0.3400704804007191,12.575131191801097,8.54496104250064,8.819342575292879,4.424142801619984,5.2557511549011995,4.270505415660663,3.20440966823711,1.707003217123546,1.8468149662524649,1.6126554024564452,1.2407686506462312
Hi,578.8018003559877,1.9325558292773035,13.364211770331428,8.043944053657071,5.4678322506148,2.4293286517607804,4.019087601872329,2.1035656226226624,3.208899495484239,3.342951458949724,1.6618378453359597,1.4902598346927416,1.199204621781531
Hi,579.4164213117958,1.0701245358835383,13.07702445232596,5.912897480992774,7.439815464834336,3.029827450198047,4.339844692101245,2.6233109337075398,3.1152943112209766,3.327165996373761,2.994578423642002,2.595192908469693,2.5603651369912175
Hi,538.6714522360824,-3.019933099032393,13.312613352553756,6.851947394788212,9.295925593674674,5.323149363142422,4.641240479206955,3.106219109996198,3.1944694009581553,0.5513609086782072,0.468795120530066,1.716461479349146,1.029194821474853
Hi,569.1856370141029,-5.243581871697353,11.934399667554052,4.713700102204202,7.2868204139825945,4.812190299330915,5.989771030705377,4.1593514538466305,2.723821548072575,2.5387819678710315,4.182150224381191,3.587198534899862,2.127286597624673
Hi,542.0521634142214,0.12987891662743678,13.236083699211726,6.759511387366009,6.834337586250548,2.2496094948034333,3.546670630350649,2.6773142629687943,3.7616732111037052,2.9413632100856173,1.6913525417527655,1.8385984543156901,2.460946295424854
Hi,572.5792267289482,0.7786537272738023,15.017432453073347,7.669571584818003,9.20279613850212,3.538680176699968,3.0493976644582226,1.9052328789570456,2.30898298994466,0.8868772827194586,1.1129262052367856,-0.05813753061869775,-0.4510475982386257
Hi,520.2648573608359,-7.190927191614167,14.909315966355923,9.940041366961847,8.762049000383028,6.340842694889108,5.405235217592438,5.299518870279291,4.345001380167096,3.6299930821103903,3.3927565324029683,1.757585088287433,1.3270636722698406
Hi,561.6590450487538,-10.816839025339517,12.518617700359572,9.488895103364825,9.349511412173486,5.684169257186747,5.476279046389136,5.322320486494666,5.31757196902913,4.434922245322944,2.046258751521048,1.6598158391072335,2.6035781715696356
Hi,574.3032912965787,-2.1027761019798685,10.47753289129402,5.161565197001693,6.958176971434872,4.48919195760258,4.574711326022133,3.005786326252533,3.323090048164678,2.091638424972544,2.69085271749584,2.2126457172578426,1.768135521098742
Hi,578.4289287197699,0.6261806402290429,12.144702229366658,5.6669928094616235,7.128257780259178,4.133628182764907,3.1240126163691837,1.0158790506911473,2.0181756656937964,0.6592387976458216,1.769556306294854,2.1434116560489045,2.423513825878249
Hi,589.0416466307864,-4.24189322505214,10.635548827022298,5.063635051786296,7.766076406345839,5.4142030332873325,6.885012337781822,4.426498829766441,3.058269263449011,2.4525400271900892,2.7384780926492525,1.9690542350492724,1.4290177643401485
how,601.2768341652697,0.3992418519200278,8.973623466657621,3.641178439696498,5.629529818532767,4.761353599927405,5.596855946631489,3.5092434196421003,3.546761685626853,2.1826848943523256,2.3713702330437734,1.4202790239443086,0.9316298178017597
how,584.396900473096,0.33920445686282363,6.621888591844055,1.88340901304022,4.409269454390353,1.7756136764054222,4.602051016132311,3.313082736420366,5.429148794105256,4.838999845232669,5.0748297754663945,4.15160701254729,2.370538126414589
how,574.533041825224,-3.7862374834663335,9.877111994917362,3.56584318511851,7.5135543223461525,4.735352766262752,5.409388969794174,4.260056139032171,3.7307778482862144,3.3766463434936824,2.410690098097268,1.331805496306215,2.2468970575127862
how,589.4237603871564,3.386509007486014,9.330494545666946,5.249652300463421,7.118763504007827,4.389906570352769,5.019328360209064,1.7845292185114623,2.0061400173845243,1.728690582528376,0.9279227287094969,1.4559790554527385,3.242463922016535
how,581.9323987467652,9.315477020031292,9.820734254662057,2.7846059838035355,7.860899193530095,5.199091788480311,4.1124623686220385,2.703345224924764,3.266359236735198,1.5326578592660187,2.0621325663262997,2.9532789001561106,2.247507537570524
how,588.9614502525633,7.97339693531819,10.86058055371387,5.516443454449599,5.975351171306187,4.409636448929204,4.137688866433198,2.6710031096647278,3.629528788793646,2.559422604192866,2.7865484972667325,1.5753914536193463,1.2895955945907964
how,576.177123532414,2.620882071584882,14.3517040191384,5.353821450652383,6.987703366661929,4.0403355664266485,3.448421960875873,1.7796040183921544,2.750592493529828,2.963036711310263,1.705262471636651,1.2742979135041335,0.7000048827843948
how,525.0718527878324,-4.549452890586929,13.89896979147289,7.2417296146447026,7.7938857111462525,4.603376574913861,6.089734210532049,4.693847809993949,3.5792758991877562,4.705455070559777,3.95240959463675,2.7861892305010425,2.281360377424468
how,577.2022878355723,-4.597406235478131,12.066579173788543,3.5525056048536836,4.720945633334516,4.600126413505622,4.049254454616502,3.892718888466746,3.338214801509581,3.204713923155799,4.19644777477183,3.5785656509589145,2.769974165391936
how,567.9997132943228,4.462896268849384,13.980586987615869,3.0939240650674495,5.850671572003126,2.6776120917832635,3.872566766056188,2.390247776013558,2.527388944267585,3.5329170341072196,2.4155083090982004,1.4730754666561818,2.3413489574768676
how,526.0190102242484,11.820245849227447,9.073215264350903,6.883415112037294,8.786203529892315,4.292842143544659,4.620182242617549,3.750070112920646,4.126860307181463,2.187319436639541,1.8416998041231434,2.4612903236739623,1.6293778545282578
how,582.9901808630682,2.8382086822843977,10.988801214794263,4.784947702402997,5.320917554610698,3.8727140248825833,3.2701097399328436,2.572807552462553,3.502193317221053,2.551881617775617,1.8353737077814092,1.657821124214168,2.0197302287419934
how,583.9586535370754,5.0500980771721995,10.919676771071646,5.739821948214576,8.058893757102993,6.040269015695404,6.402415415925034,2.864582596116735,2.129931551259668,1.564887658037744,1.484562454723621,1.5753136184078702,2.2661478090098814
how,534.5319287774157,9.339964095014947,9.550745120308118,2.3788766830182606,4.757194262323848,4.243082109218692,4.64585202181634,4.311552496278253,5.168097024950284,4.5886281810606135,3.615158194028732,2.2809861656894395,1.7897961176941308
how,589.8718711796996,3.3757933606747965,10.692227698033767,3.2970592121323143,5.511293893645814,3.656301645690867,4.742663924611904,4.25831925331431,2.9489134093648275,1.172127318569535,0.6959056601239553,1.9198591215571135,2.382707489938893
how,534.2611591674691,-4.4725167396586905,11.056170403950913,7.583389771468648,8.399810458403294,6.1054302465959776,5.111000424269912,2.9580401455295213,4.1317586082516975,3.8966240669931533,2.7009050810386075,2.101907899300228,3.1241622848925594
how,569.0849361355404,-6.7959677240463545,7.863150424241189,5.946722236100259,8.296564469355285,7.192685668487057,6.983820023147608,5.035267284990763,4.335687764268666,2.8707401324765254,2.3422745717126574,2.7748573927489204,2.834774475218465
how,569.2943409698586,-8.078116913590593,9.278948171599053,6.979862717498806,8.960035935095327,6.0117331869015445,5.041097203670416,3.9911392540618724,4.540313044811011,4.0904183416059645,2.8238540566348984,2.036618010497161,1.8317446188709656
how,573.3807175531579,-3.7714479169984205,13.406234261406205,4.602470396210947,7.912265711783112,3.9029891602523854,5.635847688131268,4.228610685944526,4.385440051612939,1.606857549422399,1.8455068194326607,0.8526984465207068,2.8235704229607936
how,537.5606898550495,-2.1383938260954984,8.718851875198112,6.397518754113751,8.692183936869174,5.486649440762049,5.060472026811409,3.9719546105475168,3.6875235669789426,2.338206712750331,2.459453533114335,1.947567793509707,3.1936998847654277
how,601.282388407807,3.7935655226254923,13.212301367536814,4.838341695321631,5.202299566770206,1.6230850027833252,3.8839403280079807,3.52671922691267,3.529790174781496,1.4087834478938763,1.698664733058365,1.2442287864802513,2.4875557065559732
how,572.9922361168185,9.342664153327046,12.207281104756387,3.085176524413267,4.629084588876877,1.391556876341916,5.66848142731012,2.3406310115105153,1.959889656706201,1.9872531021621693,2.2695336246375746,0.9980546385524889,1.903848072773135
how,542.4675931405297,4.7811495064069955,11.725671629275032,5.5590119692736515,6.928442228172878,2.617274545914679,4.80878495969039,2.1813666491256747,0.8736888858436362,1.0892601501717731,1.5206738801556057,1.5688922736232112,2.6177200466859514
how,591.7730911811586,2.430947739740347,11.84358001444723,5.359343304307096,8.203768655769593,4.587625095368507,5.224176251783888,2.4053590247175745,3.589421688236163,-0.06500839878115272,1.7363841965188822,-0.8028727531309343,0.9943268652715727
how,599.2316448495111,6.030282912556574,8.73978198048213,4.345886366843828,7.632632104259544,3.5392100017978585,4.13767286895775,2.740839846242391,2.2875160400697006,1.6261971768717665,1.8891170952084764,1.1463294761680096,1.744184009017184
how,548.807666817814,3.1395680300241704,8.508399051395516,1.7275281622737833,3.7077843848569643,2.4868680160121404,4.459568957863642,4.283594249790182,3.3577306097873283,3.2401845960339735,3.8441567115903332,3.299764949358133,2.6632637056261235
how,586.521110677296,4.375286341252055,12.308807735418831,4.646928780481678,7.21627120814172,2.287759371726377,5.906719163584432,2.5795561737418495,3.0197182109937497,1.2845282622369378,2.024121089456097,-0.20217104115095097,0.4687381711727223
how,583.2179869650025,4.05879399485738,6.713920282423208,4.54818447566303,5.129193323025614,2.603777132584174,2.5767942963655823,2.064664141654612,2.40725689149553,4.356082669528147,3.7449548010379523,2.2039799020783573,1.5516121748216136
how,588.4118814502555,1.2656286321077435,10.778619276609103,6.868226987591383,8.376935655492055,5.595702418519419,4.233127324758891,1.8184148947430199,1.5192417483994909,1.3067000912406126,1.7810330768982379,1.338790403748762,2.140008293115441
how,535.9449481443595,-0.8972832938145512,9.111191174521108,6.311846049259351,6.600516354207027,6.569871589684784,5.731712593005414,4.137297971935311,4.305248631527556,3.8542214805121215,2.2442865215527448,1.0196962164574952,3.181700647232029
how,522.9103368426584,-6.833543055989658,12.88375226359444,8.971741078179322,8.763725800865599,7.3356484006670595,6.764672125451815,4.926377524991473,3.333512115774848,3.1743399740224216,3.9093182554626935,3.031526725096466,2.1281906018236825
how,537.1539122775185,-9.582730241689495,6.8457877278710235,4.226367899153232,6.961115557041067,6.275980860354196,8.49792533305535,7.020711849204734,7.545374417280824,6.8655075815567255,4.799195478987974,3.219773905020462,2.1999310311624996
how,524.793605451983,-5.8320572192490445,10.82600520742583,10.753025672978241,8.347263103300635,6.803167152464683,6.780795064110578,3.21973455695216,3.325032817758176,4.362520598662275,4.393463967849918,2.573443231521667,1.0198353561133864
how,566.5003216385062,-9.080866835983782,9.25405549625417,8.059042629418979,9.862598558944631,6.493657598975318,6.512657790988262,4.582323821682076,4.605124503187355,3.413725458063073,3.106407235836018,1.0536416160393554,1.1116491674334448
how,578.3493027242857,-0.6769320559062955,11.576397063865052,6.956716292376608,8.535112074887714,6.1923844849845455,5.160838791611695,3.2425961395871763,3.5329343740820285,2.3589891545002466,3.8268947042368566,3.110779779571411,1.5476984112145384
how,535.0074794177287,-1.9974412470430423,7.674954769878292,6.476440059872177,9.031198136966996,5.913899532114991,6.078489849062663,4.142296936910357,4.5388691523357405,3.651044281416958,2.4901682005012855,2.9641018203757508,2.6296336551580186
how,583.8776662340132,3.683413686771477,10.972411349094882,4.325996067149839,6.687163595768402,3.454069227894461,5.413238265658871,3.064414980169115,3.5484038380125273,1.9667484722023083,1.2938426616596423,1.3493639037243756,0.9197527138404062
how,547.8476406112844,0.5427975528432825,8.203630350674446,6.067830693185492,6.077687417636097,3.7608360250018293,3.542376507019279,4.212035136674222,3.9938673330685877,3.7742169174085856,3.5488173105359824,2.8711476488564553,1.4513905840935468
how,532.3170916182199,-2.307795465047983,8.710451929033992,7.623958731314913,7.703590843331128,5.137782442327074,6.612801904596161,4.930108288386013,4.5080310057446855,2.6587453965196595,2.9110858006932734,1.7616749805964123,1.4707773054987427
how,574.1436377077214,-5.810479979010083,11.46623228731108,5.56438716590152,6.304527858128571,4.699757535464791,6.441096916256912,5.202110622642678,4.646639652334651,2.4671217379796193,2.850779543700055,2.1354594688861432,2.7951751203962534
how,582.9365175501788,3.4573733119408274,13.069565969224351,4.398219459474888,5.54994149265247,2.9790708532153136,5.182919353059379,2.0982624858536205,2.4896230518605744,1.4353257136465558,1.6191165145009752,1.0052605677054185,1.2228108423403778
how,538.6143782101962,-7.1002731114614726,9.102970111619001,7.884471098873993,8.77401727394048,5.917498108451737,5.772668619437614,3.9028642539400256,4.454279031172975,4.129858324351487,3.0768623361955676,2.057712649640841,1.7987199461338133
how,586.6883784322313,1.7537916543387944,8.314040685779707,5.234402886183103,5.890691780338795,4.575596232961605,6.186248444625429,4.14958744469539,3.3534299493584587,2.9787472246433317,2.1259534396110986,2.0014883196362145,2.1247260369141703
how,538.7581902690241,2.804198704830119,8.089213012856803,5.534800288113123,5.3266666401298295,4.9056183455187075,4.5089864528450185,4.79469980310169,4.263714740576013,2.6524721317129547,3.663975746343228,1.7475472032095922,0.3194080878769441
how,587.8110923986219,6.65847949431782,9.077745372745877,4.946978918906128,5.649337774565627,3.7861043711825335,3.9903550013398768,3.3692800367360043,2.1082063027329134,-0.0863400242658443,0.6439824122122157,0.3808899584491492,1.863064926686116
how,582.5358656686108,9.656132178184757,12.597534130866293,6.792508173763409,5.597216896964083,3.729645963003348,5.776034737779753,2.077816959556845,-0.02679602991151775,-1.6209764635464552,0.686234305275498,1.6877221621429026,1.7055762692921004
how,530.7063305156198,-6.177121083443845,11.290449760702527,8.746994797734118,9.141918395187087,6.208865615467843,5.032531953790974,4.76564477712661,5.1275959067058405,3.8384789416699405,2.404319576955581,2.0360416585617624,1.250943537828359
how,584.6807698459212,0.3996009849950255,8.198802196878049,3.090225803296505,6.660888225932567,5.07819130368696,5.138334067880878,3.4327298633237824,4.2105112482988325,3.594530304344145,2.256940147340101,-0.21762128779733914,0.6889366009465601
how,553.4688185769106,3.981532080761321,10.999027815708502,5.835378280803704,7.383502789183234,3.7611988471040743,5.331707293675112,3.838734359847251,4.182836393393345,2.1593655785866144,2.8078804296294972,1.3018912452324063,1.891614596942743
how,548.1777428832968,6.411511183880789,13.592071107007754,3.426491269039639,7.314688328501287,4.723374060898646,5.529475873121481,3.6189306189246757,3.23243648874948,2.305490954421801,0.39710262537311536,-0.9235166529155094,0.40791328778673375
how,533.242666143428,5.054781716126644,11.917206495085686,1.0216693827542738,5.632043629655939,5.2603286073101625,7.0042260959067395,4.5956419835162166,3.25695543421447,1.5816253977141148,1.3102613419931206,1.9459351992294245,3.585575086190394
how,589.161182380459,1.176631922691346,10.957416203986728,3.48280755111365,5.18823926613557,3.789858867832649,5.2901608786565895,4.229654124931217,4.392473292268935,2.5182550207095726,1.6195808609972016,1.7429028961010822,1.7872307179048743
how,532.503022343333,7.604872965730603,12.346159512165427,5.423852868010961,6.190345944481953,4.079847654531049,3.300315201066473,1.1348419428038135,1.8335954148504285,2.7965299452836803,2.6447992147960626,0.3490159080982487,2.409715903043839
how,584.4551190115754,6.065213059791349,12.751888404043969,5.140356208254907,5.683499080724976,3.1682456891546007,3.7662544912580547,3.3128509621058306,2.696949184175663,1.8414236609526977,1.1239223944383312,0.6026695020687995,0.9631699002836118
how,524.5321300992165,-2.203362810035209,13.118858185931993,8.789367601082118,8.164218911385476,5.163181409312598,5.4315921407770045,3.6700878421347642,4.272644406348544,2.6518275247658423,1.3866284814925063,1.7859720160177872,3.1355226130022977
how,578.5856644092453,1.2278472602005088,10.9059350620295,2.7611126615668233,4.6352701284183375,5.554800106082361,6.2690811834944515,5.252969533741103,3.529572537797213,2.560342603112824,0.8860694638745414,0.6775297522783337,2.303450894704678
how,566.7780767042251,6.269556803186884,15.278887107436086,6.136321295500197,4.577565442131116,2.6084820895189704,4.697764521386363,3.30776323647766,3.406152897362354,1.1598131673797614,1.1402313081170004,1.1137426143511302,2.9202994412447776
how,530.0797002338701,-1.6999605047698463,9.944454191785844,7.278512557733736,8.526000149184059,5.304077880113388,5.430888824241572,2.666054829143196,3.8094234852878515,3.941055597646315,3.777788231748474,3.0734002033398173,1.2240131724234313
how,569.2544285059851,-3.7357911933801606,8.654218786269393,6.1903818242971465,8.898424341590136,5.717765315457683,6.38405031751598,3.7294469213439694,1.9041847524277973,2.3813530700257495,2.8908983987834773,1.9402792443025145,2.6418217829044117
how,525.2478541382529,-5.706247477357181,13.086673346940028,8.19883996665461,8.802837895642682,5.5902270905444045,6.270527147131361,6.279980292898543,4.948773594813158,2.9048808749664694,2.4607342958888907,2.137369926401277,2.540179024067628
how,588.3910968307584,2.779490443611502,13.498497336896392,5.1206436710066985,5.5848537155907145,3.5518280752496008,4.637241159418789,2.491248505056758,2.505200527167954,1.871184184530664,0.28373978003162037,1.1301171176245415,1.2390962244318597
how,596.4149170542165,6.54569276642502,12.59196903398486,5.6206181269122055,7.361625809136887,4.147807708170458,4.086163268561682,1.3854101570264046,1.59363270173478,-0.14746134912869735,2.219695756459137,0.7905289240617961,0.8335534453884748
how,533.7789379490342,9.04122206937033,13.622885227137191,1.9324514429373938,5.6358749818427345,3.623108888648993,5.1344222742326515,3.470536648692665,4.640897909341497,3.076572736040367,2.7009742175315754,1.0750196308708286,1.1510655652794277
how,573.19639923177,-1.2009419152376974,9.916135527993479,3.0255963828610266,5.424088116542396,4.29145709874301,4.911179836520004,3.4535606134916303,5.370325544998739,3.69257265483904,2.8985194815263267,1.9485668718773503,2.1709103999621018
how,570.0223384734128,-1.85835797749111,12.888864756747559,4.240724634682348,5.721017629114835,3.877884243397723,4.347705045787489,2.7030413153034356,3.526489127970212,4.1197193503459015,4.438381034662674,3.691873031321663,2.282293255480175
how,575.3972655807091,6.1621747709077095,12.558017602374845,4.69232644238847,5.199693401642573,2.6142124391224524,2.999608956281758,2.836303687873624,2.3712828034125177,0.5336787528147919,1.8280212112204062,1.8341266121750621,1.9246276219412248
how,536.4850198793354,12.556328447048566,5.795002344537309,4.048659455375223,6.8083317754916255,4.126935105428771,3.9203700487435285,2.848802866159822,3.388224290658272,3.307090627586639,3.088799544012325,0.9255229774567795,0.5852760748807118
how,539.0970911229042,3.363501014926632,9.09950779192417,2.5929502037501297,5.270471289682385,5.689992862351119,5.139778357051245,5.019482057503648,5.440001940594424,3.423497753689224,3.6654457670371894,1.4240345971352237,0.7142363712467592
how,599.4878996649254,-5.156260214920172,7.1383397616636195,2.303095185469127,5.287878088509833,5.622331990969521,5.00184297829205,3.147936868980924,3.417060375599373,1.6090468958553572,2.31194481853108,2.7606197188326167,2.466186628388396
how,585.0224742137532,-2.399532939539551,7.930852455957901,2.797137485601006,4.4478640376275695,4.368645391642358,6.010624120710437,5.9203506090337505,4.439600008717836,2.282358140197868,2.7573832918761365,2.415647409347528,1.632528827927029
how,584.5724113496686,-1.4531165223580498,12.461501050215034,6.198226191640643,7.265295690374016,5.065817484828909,4.378972136334179,1.4243757552750047,1.7714325743480543,1.2386856679224447,1.9324052541726378,0.8332381645956861,0.553431977905225
how,585.0997040022753,0.5029607370777622,9.218508705556573,2.8302925816566606,3.8845410340609874,3.5804940248628583,5.0149579952719545,3.3214507531705717,4.223752471825547,2.854017304392313,2.6695947274905816,2.2531168727412663,2.222744376194459
how,577.5229128040182,-4.590020159557586,8.165910726322785,4.806356793228883,6.940363153763544,3.6700488281843278,3.965043432791516,4.713019803720616,5.317274755707082,3.6401897964647674,2.785557749988893,2.898029610744496,2.1091037873665393
how,536.102391443279,-9.442670483465946,12.34012024728479,8.730279331671104,7.8084669103079385,6.353084162058751,5.031123254810513,3.5915229170823117,4.810764155191654,4.890762692924847,3.3769915152013343,2.1514040395655964,1.1463174537118324
how,583.4857899922529,-4.176422276250269,8.814378713391156,3.8680231010718966,5.35522633871687,3.2305001170230714,5.367172173306347,4.379444827494082,4.3180903862657,3.3106789922054745,3.194548882664547,2.6348708166140433,2.964321774370905
how,585.0398884050134,-1.1452256157295206,8.208778759846268,4.245283578657519,4.184695929500387,3.2389700088229922,4.953010748763871,3.781740614986356,3.8025231857787976,3.2171785202613794,2.93527352580508,2.666066406602374,2.188002475962689
how,586.4480758290686,5.490067811417841,10.332976275178378,3.3178952938140736,4.3069167199341525,2.120684899339002,3.4112732725290886,1.8562276924407453,2.2605119525801047,2.3971652470563374,2.725886005147114,0.8658033203853268,1.6743641173034742
how,540.7293457317637,-2.172400400538777,6.679098953911403,6.166329929371878,8.340608331682402,8.159856812300953,5.339198814171562,3.6752661713949486,3.0569370414640673,2.8347694847216403,2.16696478335321,2.1128649351133646,3.4301528618867074
how,588.4202170276884,-0.15970647225439194,9.023176814503948,5.7723953635930805,3.8026015582823742,1.953476895733223,2.131112895354722,1.7334664745669865,3.0127204517708908,5.0527085519429615,4.528520235712005,3.235860143256133,2.215338147329195
how,542.8507318879133,-7.7007925690791605,8.624288949656117,7.129766268679628,7.143433870580001,4.265547559770345,3.8796894090732685,4.082699802493426,3.8152833974416733,2.7766931352131774,4.528975862129906,3.4307370556500345,3.192118194639537
how,581.6888395231463,1.1295290906343602,6.174072792198942,3.6726694670973874,6.487441765599112,3.5304119256565905,4.164064179428456,3.919436092610347,3.945488264267393,2.888953353567718,3.5011264070962618,2.8922389114869844,2.7465214271028344
how,534.9886417786958,-0.85535989795261,8.355829990223864,6.195344754741418,7.205326775386503,5.251460311274906,5.702077318485001,2.953333204494264,4.44420825743415,4.145772139853456,2.709724355288646,1.5834485390219726,2.9083834257358525
how,597.4990745310913,0.19277459478379022,6.440078917844941,3.1835472194046446,3.305284854107814,3.039499270709962,3.55115308674384,3.4628090634964472,3.057283020073452,2.4571093374474398,3.069085389106922,2.3898413918206725,1.639246966550365
how,544.4338923080568,7.69689496894568,5.136048750846312,3.0066380504210652,5.691898620609411,4.036818478304697,5.76318243206482,4.87548981655706,3.574051887889512,1.6257077943546978,2.851548478699911,1.3956995823184801,1.5480778990425659
how,574.9138177218355,-5.655850659145257,7.996957777731543,6.342506375514832,7.180906724964528,5.01258394892043,5.919196168459575,4.631763939158628,4.341899541059467,2.5173196851840753,3.7731969794868103,3.1096966112309907,2.0093988248798027
how,535.8479490898155,-8.909547190852239,12.923670090895069,9.096398521913928,7.9962443364746285,5.943997627022487,5.692126788323307,3.0436378513945925,4.194282642740395,4.742240212780951,2.2884394309934386,1.6921094569853103,0.9834463858634397
how,577.8001961499789,-6.472516063955961,7.427845665782458,6.531886389749813,7.092963929925945,5.6857059867120885,5.319879932263067,3.7874106771606133,3.8634711321246744,3.7802099882465647,2.3613194837263,1.8485466437111455,1.7740230089421534
how,577.5971297496361,-6.048980668772808,7.281140563798566,7.4632080852114235,8.148189468317733,5.268685679936178,4.891573059420136,3.2753098976642168,2.8337469513719995,2.906959618956664,2.175699352109474,2.1361600754877497,2.7879710850175616
how,573.2730224382327,-8.423937715593633,8.62961930457283,7.779499056643575,6.121696559825281,5.923334418577136,5.959889596111827,4.352217777968107,4.446328787335499,4.271985008433646,2.825706709086022,0.8166363120608544,2.3146044876751937
how,594.4155955316583,2.1936918119814663,8.859682520225627,5.974331100656631,5.834297303448432,3.2860038169640085,3.882362183032509,3.023904286582466,1.998955664822125,1.3883477960044157,1.9689606065191132,0.7566142062247394,0.6751171048102869
how,583.7902536641078,-2.9630664433740534,7.6568708701417965,5.5623717773152475,6.589455094798451,4.032627055130169,4.445568135774602,1.786811239635858,1.4488794196714476,1.3642599000883315,2.6110822666573075,3.0903164238388445,2.873803271888052
how,580.3270705021384,-8.01392613629824,5.230946738596705,5.215333527183676,7.085271082994625,5.83793167764731,5.39004565724869,3.7633842455287834,5.447918128884027,4.893247746470568,3.0638413732698293,2.880872896559355,2.5296932289837972
how,572.1326173954293,-6.054840313225382,10.706615585897442,7.721613346624336,7.782185484763138,4.454630480432945,4.880356844257218,3.173405849745171,3.8751563132885067,2.7370985168015682,2.1628444013562653,1.6739869272306755,1.7246938130695266
how,576.9176750286377,-7.711549250841999,8.698887026254082,7.224014905460715,7.53319917499927,4.388697096125956,5.727437619776222,4.467449033149652,3.53954962676794,3.1181145399976007,3.140134801959814,1.2094604922166265,1.2553532153596993
how,575.0833467947022,-10.200374438280512,8.651630851811099,7.541420931728016,8.12020153656713,5.630530115541779,5.107364519908238,4.015050070788472,4.43700533061838,4.110496784128284,2.418702036497482,2.514394056269598,2.1859528718511054
how,581.1984025700317,0.01703417711123656,7.677737780109284,5.377507212106272,4.999928596550779,4.069510336545779,3.1966374169309812,1.9886552638461907,2.0468907505108707,3.2150342683515216,3.0657878121866826,2.446323599946462,2.023035428434925
how,588.5435244879149,6.1446656577552705,10.004899003942272,3.186087342329092,4.964492912769055,4.353263514233658,5.019227704183489,2.8771749335343078,2.599071359411841,2.6381064468713475,1.4689205373605159,0.7925264179048437,1.0311339603378702
how,550.8502589295647,5.484425170226141,10.045801928917667,4.35147433715219,5.068208578394998,3.3553570903084875,3.3115876107788846,3.2403208795045764,4.620238685470989,3.634772712488589,1.9446059987955344,0.47773202327411823,0.9349727459546209
how,592.1332468278782,8.710197040305996,10.841174495328358,3.416558504272823,2.17200211721479,0.3520377466203968,3.6813549329091284,2.6578939099262087,3.1778454550435544,2.946366303907155,0.6789628507686682,0.6327346364351936,2.01377511861606
how,585.2578343093309,1.9772186432930283,8.527266499873196,4.605683380367733,6.92467124554898,6.059107231441352,5.770726481545763,3.2672006445704653,2.7644046903114763,0.6119539479451994,2.1009809948840736,2.1457448793124314,2.519056721793852
are,586.4489753152357,-6.088492099801831,9.693548905731625,4.361800758798843,7.836200405275104,4.415219968948918,4.761421832864933,4.439925144419645,4.7036924206333115,3.409506024925319,2.876351350069992,2.46542004366046,1.739568655734244
are,586.6809572644692,-1.985438230799934,5.709677153750935,2.5129575516162994,8.512689566029161,4.447250279353652,5.660019262782326,4.230419960456816,3.830278125406375,2.426582995966596,2.648846756669119,1.2482766235327194,2.2886108594456918
are,552.8351884630059,-2.1029502992574987,5.834352693500394,3.8172790621233244,7.552005486451392,4.691310565706045,6.6574292488893825,3.3026854361598623,2.8917615749477275,2.242597760597704,3.33254211936263,2.5103579738789517,2.834954314619191
are,585.01996514242,0.20394017805446119,10.63362130254455,4.887916211414124,7.712703276530194,4.398077712474835,4.646855847017903,1.9824884828080958,1.6987249138153242,0.880338821613087,1.5787637576492024,1.677499446017812,2.3235046562331085
are,537.5622229984368,0.7969685565183262,9.15055977325225,4.849983734181809,7.111593722133863,4.0694109974447095,6.437655123789227,4.103550449197755,3.5275012376765194,1.7884991056648385,2.999206861535713,2.298633389953098,2.4524110827719827
are,583.7437179408751,-6.045968561205726,7.372670486604502,4.359930861646799,8.75253808668481,5.118237964271945,6.186725761469058,4.402802688617566,4.2792918356081415,2.871134528493217,1.491750644422698,2.1522470951488213,2.5357922816898633
are,549.0007549096545,-3.5634673927639913,7.7368333527963316,4.419415425024015,6.070179465765918,3.0843327577091024,6.216981384466756,4.610671767354404,5.983715019225551,3.420148598444163,2.763211880426562,2.018422241111063,2.0847988823776316
are,580.5625696941264,-2.6036159302836968,11.508504116883762,6.111002147539033,6.806768655281161,2.2416988558864386,4.37702872908025,4.314022675545788,3.731185322249976,1.0831676349717458,3.1881966566261575,2.509511732458286,1.9626942858395324
are,584.7515998807204,-3.9809309958721624,10.165682865500877,5.847722974738705,9.199363043972852,4.325635100257712,4.251974899529017,3.738053319863983,4.775598315908857,3.562873709800721,2.361782871552437,0.4801228714334691,0.2183142228487167
are,527.826673796066,-7.744306913694844,12.332546637197096,9.09473604960646,9.137810607773208,6.367174779813441,6.289813857518231,5.9674317911236425,5.673060315389099,3.1107426488250756,1.7976606103155994,1.7956123490599136,1.220207266775013
are,571.5992631351554,-6.528606920219909,11.070511722047671,5.843860779815081,6.2358078994030155,4.5187779193847835,6.299745480469676,5.523871762850218,5.156371710574765,3.2565755582019698,2.535515990978899,3.3886542920111626,2.2190295076729267
are,544.5493344478782,-5.411982897390407,7.354877524413894,5.439872942639955,7.5126172864565905,5.32876964144889,6.202239726970896,4.170585880195018,4.678585983350475,3.469426423487427,2.5086060283254774,3.1753715134238547,1.7280072275794183
are,524.5252282566729,-7.66955479509225,13.903952024128898,8.66144366618276,10.124813399921138,5.679336674586917,5.709342308322357,4.192239841629139,4.529944957723078,4.908850861564799,3.4829015959078937,1.0479498600842234,0.5103080692864239
are,567.1094197889793,-9.247174650364522,10.705888367879856,6.9498447202455615,9.306138582496171,7.276783157682777,7.480501472822468,5.601589843530633,4.246082426997788,1.7322902939753213,1.7507275354616318,1.2035513152702944,1.6815422138691787
are,577.2456763153485,-7.176100174157062,7.4583502171253375,5.438728636633396,7.620353971238741,4.684835710891365,5.611843088493988,5.704356121994646,4.564105111679671,3.7227477271504377,1.920080714013329,1.7317366802575354,1.8357554150283608
are,583.8442733989552,-1.6136025803350726,10.19860663427442,4.105224646023217,6.9611507453824775,4.152067346423278,5.0140449895060755,2.8262171241548923,3.532472558860956,3.1454734189306635,2.7131555627912345,2.356072877561312,2.899995051889322
are,538.5001113601221,-6.530892594388531,12.253856891812358,7.267435745116835,9.97491839044953,4.574641345897344,5.451182968266208,3.737673874469131,4.146237406095963,1.8604048324262816,2.2714605934118985,2.144024638106984,2.0485952954580515
are,521.139496892896,-7.976928799628368,14.330579378361728,8.230232131592066,9.42439341122894,8.1379726099053,7.720344040746335,4.9854566307180495,4.79960870138455,2.683832711777905,2.1097018858434584,2.408380870567939,2.6815519781611368
are,563.945741374351,-7.616485555520699,12.632415345245615,8.146333753104626,8.590202988422124,6.3984039850709955,5.592024139196091,3.5035564218344497,3.4993020318546186,2.697175821050168,2.7911548013522687,2.89339252236271,2.6997343819195176
are,574.2301187860559,-6.328541039043394,8.40483335988328,6.142969478762865,6.899704863407276,4.909620957356941,5.037603688485477,3.567275638791692,4.507994801780606,4.287650981793902,4.090457986929977,2.8870430922366577,1.4719779511610493
are,577.1475022648738,-5.5411646340969885,9.478394011796556,5.906132074267738,7.426471752352029,3.942969830617608,4.837918232778051,3.131728379202684,3.115823102478643,2.8233369799812653,2.554744578123609,2.638703529656272,1.9832405709691479
are,544.8231664776779,0.38070603753042853,8.44679562706061,4.58791808208391,7.022707531203576,5.61091352113203,5.645291614277522,4.5452763534522,5.438612097986477,3.3691145586878317,2.743826527478978,0.8771565425696739,1.4386902097753733
are,535.0494623412629,-7.28978999867916,11.634462060546774,5.32061857797728,6.8845507429412205,5.818840995638846,6.636753675591018,5.266940105131818,5.616211440587424,4.2816687162733995,4.2335858368281,2.1439025223389265,2.2700453952881574
are,585.5305411886616,1.1526804712345022,11.918694902658373,4.728140897054535,7.039204930746083,2.2971732976281256,1.8910254403060236,1.9206581342527347,2.8150552192875242,1.386241414477162,1.5646084412137142,2.1552498601045915,1.7678703938381428
are,582.8074551955717,-2.799377017465053,14.804774920356744,7.854253106966324,7.760492260957365,4.30600606262135,4.267716572167538,2.6947121897445285,3.143601578968628,1.2517279334863112,0.8757663937162441,1.6415429157051662,1.431925394361226
are,584.3219946253497,2.0380282979888236,13.798456016915901,5.475675341376757,6.689528666758907,4.174510366322025,3.2898041520563286,1.8714904272977257,2.0952024477146747,1.2533811788503932,1.7554276519937524,-0.6712652939042485,-0.025677106049037945
are,583.5208000565909,0.14236860234360726,11.491955343758248,6.971963200511945,7.3833060603572065,3.3353577063945927,1.545889755284703,1.8609619009543241,3.047089192798836,3.3746707472208826,2.9380624660838617,1.0178344357140983,0.6000828251447778
are,528.5427331785905,-5.706998914172189,12.233376329325651,7.185924884308257,9.148215010257495,5.557659196163552,5.907543703544462,5.736218218989627,4.247257316056178,2.2218047301104438,3.6414767914469124,1.784987556162216,1.5448914047141749
are,567.4160569087151,-8.153206832539563,11.546388633422145,5.732286456527467,6.4743447383427775,5.781095557111582,5.727058361082571,5.41201267226144,6.020416329534372,4.480034267084726,2.8135425769563867,2.078909453996866,1.3536650564399064
are,531.0531821762092,-8.215344901570367,14.011393876676363,10.663803553794027,9.169258464823711,4.568688097392863,5.278971426445384,3.955505840896942,3.664851838244168,2.99151315414311,2.502530432145983,2.194690630463274,0.8533404920311156
are,577.808135783103,-1.4641589056229218,12.986036847767204,4.892437615313444,7.006026080349711,4.202248406080573,5.531525984927756,3.891975709271078,3.718937055331672,2.552918744180362,1.478735126058254,0.35081773623688584,1.6941901808322992
are,527.769124646579,-6.411043375635842,13.569417379484479,7.898699401564889,7.626300786792942,5.70948945520991,5.00744380502338,5.567536770400487,4.646153293532807,4.237147836059535,3.7668737846904783,1.6452695101337014,1.009684085009635
are,584.5514997387096,-2.563557169415505,8.946470955596048,3.774515577602985,8.474913174334727,5.058860103767012,4.7237239600533805,4.478734527552561,5.735545918979142,3.6348639091894164,2.008064186736309,1.3167970413492789,1.385666338185061
are,523.6126821731872,-7.582594150380352,13.612399638658053,8.550594879465965,9.50752773213883,6.308176078310183,5.173825025825378,3.0727306836761343,3.9706414410556707,3.1659586489333407,2.3423037877996684,2.120000917644905,3.3264707801555353
are,569.3519669582138,-8.992200166725745,9.840090252582998,7.133885184825953,8.779278546922825,5.247662162297141,5.654538228450109,4.777437497142779,4.59840059147589,3.335170323206187,3.2494793452121495,1.3963944357264548,1.9435015139048168
are,573.8387592027693,-5.887863847002167,9.491267500436628,6.265269303175007,6.55660791375959,4.798569451471145,4.587137474729946,3.9294626830304047,3.7498538002753072,2.8204803893810553,4.360703252489788,3.034170268395174,1.9040059998661878
are,583.1472232382313,-6.716325323064719,8.879205613130846,5.323498335006596,8.113920068091987,5.019365083623571,5.348748479893395,4.024214281904216,4.448145856768113,2.3190626491337056,1.6561586180386403,0.5496894822978948,1.1602092202148864
are,586.1799212544727,-0.5286267599553369,9.402782645468962,3.9673985240997975,7.654863672028624,3.91282427214178,3.8412212541852195,2.451386131117596,3.358727009440731,2.584015095048974,2.3180139080573063,1.1588399305289094,0.013164632163679357
are,577.5634506300868,-0.857230821876799,11.04678025206704,3.4000268042714534,5.06452516994263,3.420766114312787,4.724511637679367,5.076461387855575,4.510081577025897,2.692723528033829,1.577729255413976,1.137173643824859,1.9808679840536758
are,581.3592761938328,-2.923073467551193,9.845131686984853,5.008562657418098,7.336077127573532,4.545937981212088,6.6346752945838485,5.33897178063709,4.360270806072144,2.720677629548682,1.8569770914680497,1.793284154679327,1.109465919469237
are,584.0939790155232,0.4501606386626946,12.930618841749636,5.413999758677003,6.46409724590989,2.780334440039079,4.377077364645206,4.819752592700604,3.5712836776246757,3.4645423037773746,2.622620145549085,1.4617416895297488,1.4844759342296072
are,576.7203561551686,-1.0275619455323,13.738465251070293,6.5268133354780105,6.780711115600797,3.8358009708750114,5.223438118645163,3.029762690173314,3.093301574965327,2.911564013442961,2.950643990653516,2.0078052263810893,1.8119596148307568
are,532.2142134006463,2.211774189464908,5.116026114510417,4.157981290844145,8.754380326009203,3.823253314969026,5.209020601264605,6.5080161107686205,4.990498936822835,4.544887521448203,3.6666891805345934,3.297067350650737,1.1532224312456503
are,579.7700642083327,-2.660833022266857,10.251531489155647,7.852986858873374,6.956830626031724,5.121015008121047,5.5183448965968065,4.004319433989162,4.216296279062364,3.606033184960701,2.1825881229136,1.5610076500084826,1.6511938485096493
are,538.2694937280736,7.01353106032205,7.920886470206051,7.3682005215910085,7.540229690332049,2.363865764340268,5.101514222384868,5.287054330225034,3.112726153461985,1.9256492401208316,2.1060724599142127,1.9554407233654452,1.5287355614395661
are,532.154708093539,-1.8275711072403542,8.84327507815563,8.236486879166725,9.156692949899076,5.708428061875768,5.374304573313097,2.499368597533243,3.587752346613213,3.770256935380088,2.6059607561830873,1.9991189411333092,3.4220026259012126
are,527.7540051289566,-4.8246024415248225,11.748036064666088,9.85662935609802,9.059745096145393,6.128602551297583,4.33256339893186,4.473774299111728,4.011582698350606,3.039761075855024,3.72893886407277,2.9474050041487914,1.648539166880962
are,529.873088452348,-4.416654130628906,10.135891398488557,9.290023154569388,7.2115501344221205,7.035215705515505,6.0371940252912815,3.7352969351275007,5.1107131421472864,4.613925301843025,2.678713008200882,1.4830183338471823,1.8387538673726773
are,571.2947363356079,-7.281992727079812,11.373446268811984,5.414438312534289,8.054557364850542,5.837169819994799,6.593371131452312,4.179265288138543,3.0580614021415897,3.4284433265020766,2.6310805737531027,1.9351751359964187,2.450990174052345
are,585.1778144510467,0.1656897688656631,8.434613566768803,1.6853669893380943,5.2421456286373385,4.056472508353318,6.337114505136119,3.999830560154342,3.4070471395413477,1.7217689281874762,1.7346166037167556,1.1411162717208576,1.2537810069133393
are,542.3243051806519,-2.733840646371931,10.763293853025118,4.980532338069009,7.00229855179969,4.546440728275652,4.490531213960772,3.75051067605685,4.789813418705792,3.0700016666435257,3.7337400252820068,3.554104965685875,2.520341291645373
are,551.4154736943103,2.4278532100073598,10.718004804912333,5.393017343062997,8.331729910550491,5.4456246423359005,4.008339216047334,2.8107079607595367,2.1503100577143535,1.3766453081747887,1.5220336633458125,1.7740050435335721,1.7644919438372195
are,587.2396469217377,-1.536020019187955,9.986918805223622,5.2038548110606,7.3481168832370365,4.124382668505881,4.859518087713511,2.607315270491629,3.0012669804001995,3.070604292024951,3.1415130333518526,1.2410234160126414,2.131921804641612
are,532.9570449503849,-5.496472472086799,9.78797639428388,7.0675029640817755,9.060062356810393,6.322664284616707,6.111096717146982,5.600916952155057,4.747252167022854,3.359022579845627,2.5052723629732885,2.27841296258077,2.081426623144509
are,566.1447840716235,-10.805389056803637,12.402501163401679,8.55779160020729,7.628758344449823,5.843904355487798,6.04037199825366,4.403143811131674,4.163315173796791,4.316274225285037,3.477372421092829,1.4822276830863235,1.319977355213302
are,575.0185949664266,-6.820285876887935,9.249729923097211,4.7877754496604705,6.629504544402927,4.406085136018129,4.813038297880887,4.520795617689307,5.877770093109785,4.70376345950012,3.6401879155910386,2.3984164496675078,1.6629553237010253
are,522.9654410902002,-8.495411342806555,12.283945234745097,5.578991136097573,6.0518272591528905,5.516024883312088,7.729362229013148,8.605793148503025,8.625306216524715,6.885767131947333,5.46511758883705,2.860761738304646,1.1434841979089612
are,529.5750252082702,-8.593868637609821,14.720932820361906,7.931247464172921,7.192419360441901,4.438879082246263,4.850735580328022,5.670338109994866,5.7235473026819275,4.965110296371739,4.238226953076667,1.897225001883454,1.0920714125705047
are,574.0659971621507,-11.844222779565403,9.917308217280947,7.420331552654792,8.142792011438736,6.1638698363251745,6.958703134014078,4.9718496189361066,4.30389355590126,3.5810403320189685,3.221579577181119,2.215649614067784,1.2203499216296336
are,568.7534116832201,-9.461746421676215,10.192731724101094,5.344814732458053,8.357673277094824,5.067724321027773,5.3860747760075665,5.225210580094146,5.177956632109083,4.664769059517628,4.372888577563215,3.5278754273069897,2.103610700297363
are,520.4594768169304,-9.841587123861775,12.558247959220562,8.956249409073505,10.97603547907779,9.621354932823953,8.09989481382712,6.211425770581846,4.859735109029762,3.2394003534375013,2.2334004770128537,1.4276977502806307,0.602679299286665
are,567.2290486156624,-11.359133421364596,10.958407488418061,6.94313999378063,8.759865858568281,6.528135472312771,7.160179186023338,5.7629020776935835,5.62948838769084,3.38342698066813,3.5514516730366434,1.7527294691216788,1.4137792087014596
are,526.3179881411222,-6.870935677518219,12.840522801064651,7.452113776429657,7.269368367761148,4.421706042071349,6.4942836920045846,5.5967094918772915,6.051459258335093,5.299664874111317,4.171330850674032,2.4733469430603243,1.8379468237441188
are,566.1813090199774,-9.988299813786211,11.979301293065138,7.963441184761432,8.81553525007955,5.579433102040156,6.312393025161061,4.868946345964094,4.982552039063572,3.701448936109882,3.330716895119389,2.700370682389522,1.8307528309728802
are,578.9101387379385,0.9517597370021562,11.62192452001761,5.0945158252915785,5.831482996663672,2.2756520213337925,3.5951415413509302,3.144400139926537,3.9641662171112397,3.215363827198175,2.4421784035890575,1.7069446850847037,2.2318742181678104
are,523.0312492867522,-5.941062186614559,16.36406703151738,9.646954506282214,8.826559929816002,5.727777989101597,5.9186601949343896,3.9515195976187414,3.3964872631542686,2.8271084787685883,1.8718837838098903,1.7286526659745238,2.253701879953427
are,578.8108046609333,-3.224184026910594,11.219862796325712,5.586425972060528,6.174464747037609,3.490794719919796,4.4439232816418315,2.6365874646684446,1.977253524885695,1.2741498184234175,1.8449035319776748,2.5381594388504123,2.500369165273817
are,524.1329434352842,-6.212724189629416,15.354761409729624,8.295468645152422,9.97073683587477,6.167249298727139,4.628011733369398,3.8490903646517225,4.09670974454388,3.29893686945932,2.5878064793820084,2.5296012299434025,1.7439831758634892
are,519.0256802039199,-8.114682719055642,15.522592524358007,10.934114152680433,9.841283924796393,7.198717508704046,6.5594467044209,4.775407744509645,3.1777282601978474,2.6907534198697274,2.8234348948384937,2.404804808722396,1.9986715185232775
are,558.2364331320802,-10.820297618746531,12.207917360576763,7.412462398289762,10.1709003552542,7.448098135076615,6.241562180090689,4.457287813370721,5.035358339676865,4.778482950114885,4.453254838239653,2.762033366011485,1.766515805743122
are,524.4887383926115,-5.473722470286024,14.507370460571096,9.528858644959767,8.88963319041068,6.956473007751772,6.122336885201275,3.6329128658261283,2.85374018747995,2.711723935031374,3.1988989116882998,2.3157763678772323,2.5606422397154756
are,522.6660543376247,-5.348230542506652,14.950806907612826,10.256315477232034,9.918091749230872,5.650785708706994,4.898931224069562,3.965820356352836,3.3647019893535948,3.397395414809351,2.170858165492774,1.9580510197359615,2.085703754815597
are,563.1999873820891,-9.48126591758817,11.256682198149143,8.01950451066975,7.397697851835215,7.6361362734268745,7.509103513399465,4.662881821122925,4.2417966319003675,4.308438895981592,3.1815622394148964,1.4317609821699442,1.6188139086439453
are,520.4207951885329,-5.757302465110223,15.618322414442266,10.139750550100917,9.814418275108903,6.624670469863636,5.2227779356878195,2.451140237336011,3.8898354624754496,2.806816595554748,2.816090310583606,1.8297292680480162,2.102684871202161
are,576.4289478386223,-3.0053123847769108,9.759591063601055,5.260589410554774,5.567205738951012,3.3263991019068992,4.26534938558882,4.709605556227531,5.038449981778596,2.9447676035160786,2.077972283816745,1.49250472011928,2.03229184821779
are,530.8682552126927,-5.0489158737617394,8.084228779407157,8.085096987342185,10.09051189371311,8.210549155623255,6.54166069957687,3.115192771137849,4.377946032483335,3.817318722373498,3.695606764532034,2.9018354681432648,1.9316637555967926
are,523.2826897475544,-6.0071084002370085,13.838620237467929,9.505640102217434,7.794964017144702,4.518137059537633,6.3174914181308015,7.648932452047513,3.8023713300270003,2.104895047053363,2.445787962918388,2.770281299373549,1.2219109984296637
are,519.3719465164029,-5.405913222217201,14.38326197535618,9.90732788226955,9.293822144215715,4.903057308662921,5.380149960344392,5.66071613320382,3.311193961961452,4.12117293285848,3.780389136724141,2.61965386912388,1.1120151903534818
are,517.0598116280574,-8.882541300272527,14.583119006178352,9.391838765462062,10.897569261277072,7.850501633470408,7.978049100074909,5.8661583473950305,4.381166119022094,2.3721382900499517,2.836071853920288,3.1947301034649005,1.2908382063051924
are,518.9132514670889,-5.7455630814575045,15.823045870901137,10.690108762622339,9.890539646840356,6.508831409994961,4.67983642307345,4.257791212179814,4.011465317666005,1.7565354722623177,2.96795530834064,2.8423207369497945,2.2502797458850186
are,583.7739000564767,1.0557096137226107,10.342758882418648,3.8773252680516066,4.676239345035066,2.0303131902782887,3.1121726428829497,3.5008379922106645,3.777585645097494,4.25928697122133,2.991157652903567,2.3025527526104472,1.2675475437578232
are,531.6687170703713,-4.149404064557736,10.821665802710932,7.61867025716022,7.550394633028523,5.335499842164529,6.4286919666082145,4.697187957772943,2.764239169888288,4.002401938913891,3.3640887302868823,1.9704519864634271,2.4315112218657724
are,584.4456925426,-0.8506811250014383,8.734888471736904,3.6669997986507745,5.2603822567130685,2.8963085713948526,3.8597977580982477,4.717872975432785,4.951308448372773,2.575380091128517,2.6342736315820776,0.887874687213202,0.30609473166615686
are,547.6459381893508,-0.708748636228762,10.507700215012662,4.997099821156164,6.4637879724556555,4.541077302784386,3.153428429573003,1.2369354846943068,2.3952872134596745,2.6667512503188853,1.9626019381423845,1.6972507103815175,2.174228354064102
are,528.7615504408448,-7.457470286004414,10.054087468275023,10.350866441927861,8.639789431998842,5.99007105127682,6.287662206737247,5.947265321591738,4.186087549951235,3.6862609627516534,2.949699113571576,2.1782283000400344,0.8662020253979126
are,585.600243996932,0.9656788676660586,7.834487104099434,4.921240909496854,5.690945193374784,3.1405311725845326,5.287665158505241,5.318686619917038,4.749911497720712,4.424984684592676,2.3594876378529737,0.9666502243683972,0.5886439688238738
are,529.9292354754355,-4.701428173570376,10.239764500713166,7.796140100612334,8.888046567009237,6.698133152021688,6.292029016077716,3.518819100104885,4.259051274853833,3.3368311168983116,3.524877019800055,2.448210798065114,2.186099648564218
are,525.3119371718794,-7.855365588822593,13.993304083139614,9.93426056360358,7.985794288346932,6.007960912571399,5.418001886398153,5.314614732659958,4.531971464047871,4.202046969292068,2.890972088876495,2.037141458172332,1.1099676996693315
are,580.1655952042142,-4.8570636413498605,8.974845385349925,5.956908148488296,7.4891536611507465,4.7341804710102835,4.55695856814989,3.7761663593215022,4.45435183367376,3.3159550743035684,2.469192082963948,1.381894765991163,2.2765254597151685
are,546.8472029794299,-3.0982519998865197,10.057374503778895,6.025508344863503,8.283289987471992,5.643095427305404,4.125533129089037,3.208068679197579,3.416429092456097,2.4951104621097357,3.332466766659893,3.0720447723357616,1.6845717965572131
are,574.8223418302892,-5.212762083557127,8.682174873641095,5.200553827037611,6.956303122167066,4.763971646897945,5.8492491819063765,4.691338664274063,4.342898355390169,3.3477635722235846,3.0427792248734917,2.732541628572312,2.660341683629234
are,531.6610769387268,-3.328508406192997,11.3000939897081,6.933381804308535,8.598311431705904,6.401710602989143,5.7703491886758265,3.56048492938098,3.547484988334066,4.507002803699532,2.5930226099732234,0.43931421901091916,0.4809116768687165
are,545.6446294803118,-2.1242826990395933,10.897391046354864,5.6838576502848674,8.31838806870674,4.602046155378046,4.743043248187341,2.9604962609077905,2.431008362234973,1.280346090314369,1.8555812848951696,2.1269750675336816,2.0908950882796447
are,530.4510328844009,-7.681131694739088,11.627984847876306,7.9961550098569685,9.425322997857656,6.838366052569482,7.320617013397936,5.294441852302818,4.311039897202717,3.5022561256407556,2.613567160760086,1.5733121848922131,0.7802793659523743
are,580.0898558438283,-1.8617384226089904,8.334875941663237,2.7504746766549424,6.060181259732818,3.1716272534297474,3.4398989516989893,4.127547404260071,4.669308028031853,3.7475918467941582,4.298206285145099,3.2291660175128456,2.311699487216792
are,528.9180708321136,4.445245494821208,8.797654688598666,7.1744332034222715,7.2080648865757855,3.9824039870653163,6.146565549259243,4.255006758616286,3.850738701748254,2.850651797202545,3.3797965836222748,1.3392343880213708,2.5025872692871314
are,540.6680944541251,3.929633102862905,7.660439713181255,4.349776898399002,6.848556773079137,3.725213652348888,5.378957103225455,3.6635118574851013,2.8836559110586375,1.2813528810099744,3.133760442279362,3.375594187946021,1.9536371530356398
are,583.0752184816866,-1.9203350890113704,8.152626344935303,4.174509911550386,5.539667710584345,2.088911063163234,4.155556755055924,3.1068810509001707,3.439759884451906,3.888861256798254,4.044178418976744,2.5917767365253344,1.8127782881379844
are,532.4806285761142,4.488279047070769,9.171100733328798,4.399399958697648,8.365839219013699,3.2866751306474544,6.2860239104097815,6.50748909882223,6.071081585107494,4.133938875865818,2.2689095074870274,1.3204370257461484,1.0271598637020567
are,515.5015338522121,11.949022047760224,14.815543650824234,5.15619458725771,9.987151942055934,5.870139594342545,5.895161312067518,2.9275606655284623,4.214262714160036,3.298625918655036,-0.5091372833807917,0.841735566487607,1.4344638751454664
you,588.4889123721098,2.052757088319927,11.966983406092421,2.3524235289189335,5.20949186794995,2.163210988230041,3.592781533967351,2.4612932545685275,0.5949438451575979,0.3266560498943569,1.3414971461438547,3.0451559462042894,3.5121138964993808
you,374.4443974634881,30.821081407899946,22.617860144597508,7.993258775013986,16.37626602886298,0.37627801086651935,8.895216652065606,3.5390832010278466,1.5273655984427883,5.320705879839341,4.789689098331393,-0.6894496362150928,1.5796274923907658
you,596.1544471600191,3.15148254849953,10.374510462452973,0.2150890720833214,3.155087836041254,-0.4654350002635326,0.5090290956016226,-0.8111072153866346,1.937446729139218,2.5691480645804052,3.2466109298679395,2.9856902970627477,4.067421669880332
you,542.1475031243779,7.751701558539404,13.74760455403553,2.363657882642597,4.071187498230637,2.534372295764685,5.412211615525832,4.049476379387846,2.9329806928961215,1.6313205765725343,1.5281481760308235,1.1006728448397052,2.0544760154627237
you,569.4064333507526,7.649093002316322,13.282318557134372,6.833557902520836,6.482277686648425,3.19890657803265,3.8602539970923377,2.306767677727226,2.3450742490010708,1.516942093103296,3.65613328977925,2.3936136409533884,3.0780361026749894
you,528.0401355864781,14.999175444532458,14.356948020475945,4.411956118809119,5.8715755564016625,1.831964630468745,3.1442054196486247,1.5110957071035056,2.762505144713735,4.51619506900138,3.796961703895237,4.268185603010435,3.461201190749433
you,582.1097277865699,8.33615258060637,12.77415409845653,3.6894647896314066,3.875308665052632,2.314473617490851,2.3066492236319487,1.8591778053113295,2.5578288829474634,1.6138257895428936,1.7821946174426433,1.4181400923768894,1.909522190803104
you,531.4260281269941,11.23218425598294,8.931166827571047,5.034607978271183,7.3757754530218325,4.10442800529813,7.346708749731372,2.3025587996181827,1.5956747170694623,-0.5203175660977504,2.437940707168421,3.4750461437627056,3.1021234170592766
you,539.4623699863674,5.511061041549889,13.957095942254691,7.088277950999739,5.873950547369377,4.197115056511652,2.935321384102293,1.2773769002968187,2.7585910642630935,1.2306200347464191,2.414590182226746,0.716741241053743,1.0792363489564263
you,575.9297755801143,5.588814267263865,10.397096829268792,2.7137434558660054,4.222708944527573,3.682878097316019,5.609119983766268,3.1070939723418096,2.863024745141294,2.453188471206575,3.198053798479007,2.6585609373116714,2.9784856358725165
you,576.2677934280647,9.252482903464813,14.906016664936258,4.795268705357062,4.640102391774191,1.5650112007299146,1.6072147072904404,1.5961076593418717,3.6167208236659043,3.427133508733702,2.1774287299892023,1.1223166231089543,4.057146382557384
you,536.7227173680996,12.805756525873901,17.502838388550316,2.491117888343968,5.951684199976672,0.3902872359977998,2.6475673972383564,2.297882362537125,3.072659697798981,1.6969804387429797,1.8205707039371646,0.8973167053105353,1.3861042435962876
you,537.0453102996626,8.732751122071631,13.478201901954456,3.238169602831073,8.234993858468203,3.477541625011675,4.525648305754119,2.858260711799364,4.156095248007617,1.976668936482314,0.9229541296612798,0.7958364545858263,2.600774221961789
you,546.1055301235527,9.001069054752843,15.09386842441619,2.5397697366111753,5.264915727290022,1.9055933710968649,4.010639909818046,2.634575759881999,3.817842601904088,2.194837500811394,2.5848983371979326,0.9303326807921959,2.5725432294540145
you,523.0824763694526,9.960476025853207,10.549380834384559,2.498531554815706,4.900874954633769,2.7491692504731535,5.99317547231186,2.3350255883367304,3.7344877606377587,2.940401882374916,6.527820848158651,3.8850193256140777,2.9110571429705363
you,555.8024008935865,8.94236030993402,10.33273562815365,5.057872976587227,7.175773659769476,1.787168966574777,2.328761966457547,1.8664960694968453,2.056930489023932,1.431194357381763,2.8424861808334665,2.381247423342236,3.1136785898057795
you,512.9115274685139,12.757983978031287,21.723976253538957,4.789649873054087,7.31167236039161,2.471696524376142,3.7219355503175144,0.8765254078038662,3.3157696204877407,3.2076038270110985,3.530774780431754,2.4601034229285066,3.1352810126683615
you,525.9647312275137,4.553550474543293,15.753577610382248,3.300766651555655,7.0408354347235775,2.2150591658034227,4.8824220014342465,2.3434651381297282,6.16308322843782,4.883700438066231,5.654822623840224,2.235785275054468,2.6765455927305144
you,583.9385912397665,8.224062509106098,14.520192417828746,4.55112313888244,6.056950040828255,3.691359174758924,4.95432246100631,3.344527156907752,4.021684464678895,3.304991739656689,3.2823763677389852,1.6135692665130072,1.1747095490219657
you,506.7885826058752,12.842760411952126,23.052119430168112,9.67498304443715,6.288820793505716,1.8512016593536078,3.383666970119192,2.4945455113524577,-0.051247577250315146,1.974960719973895,2.884619193261141,-0.31103235977187005,0.6413667477468241
you,532.5170522166278,12.33382766061814,18.32742760173448,3.9430242055608797,3.977586415684476,-0.47828460835212105,3.531907769255362,2.5284346754725604,4.159223604235921,3.676841946802167,3.3533585878750998,2.326452038810718,1.591345287098905
you,522.4352037943108,15.198238309620656,22.380024883980433,4.317680937391497,5.327073804899959,2.248610766666367,0.8978474291408158,0.7424777371696916,5.07985919472689,2.061204968302736,3.0898480066008265,2.598552407102943,3.681116307424281
you,581.7076107635222,3.9335611240678023,15.5781639810958,3.231717220834385,5.567207761422919,0.8924365282420137,3.0420589021210684,0.13843067863077607,0.7269928901559766,3.23151786467853,4.595956792971771,2.2877389684312828,2.5749044291694485
you,530.9580719715427,12.426259342962256,20.296605959033137,3.680876717131948,7.025921911648364,0.6744650360068931,3.6128849139707047,0.9174679753860637,2.9011840756384064,1.7481892838017945,2.4371218305586577,1.2111249762602387,1.8561248514681505
you,531.4526592409505,12.695265038575128,15.458865859412287,4.868059894725134,9.20652965350302,2.4663498067753054,3.285469447832085,3.870770131740663,3.830393704275849,1.5253197559810339,0.2249449331209643,1.2554487092223425,1.6949106355598023
you,589.3453465156061,-1.257053132262362,13.98234405150299,0.4879619288842143,4.69223312486595,0.6025268859974791,4.032881161201994,2.2803706930336283,4.653163119551705,3.0981296326867103,3.0935188361305546,2.429673094254982,3.7182735386584476
you,540.9010787763004,9.080926530207934,21.030481431178668,3.9607143710404884,7.779133774948811,1.526359284030402,1.833768810211284,-0.477272200745011,2.7149075482834384,1.0749493025430468,3.8622085402314,2.987722770851553,2.8203868507737173
you,544.824047423712,15.457769701178874,12.714570030479491,2.2693070122879178,3.483076225498703,0.11021094406098264,3.1051143769884355,1.1127302895729798,2.454532525719438,1.9326176402104078,1.8242302376787443,2.0428796237230458,2.716353188480362
you,539.8656575242159,12.129356987787146,16.037123502701583,4.672490566736311,4.725340800442632,2.0028233570157834,4.26556181814448,0.7179989291949767,3.0361582752047873,1.498181689865996,1.464767325404516,1.941954020722413,2.314822677186319
you,543.2347624944482,13.30239114505591,16.559890346636507,2.5978447733720618,3.645378705481402,1.111115211302936,3.0383561827965497,1.4253987715676466,2.6197253348099334,2.4725899375501452,3.1772491985313707,3.5110145554457937,3.119607223425618
you,594.9479118899837,1.706867493394018,15.88205941574803,2.5730786779580335,5.373697870409245,1.2849274602892269,3.710413466826317,2.1092845604617274,3.804332065601937,2.507890180941768,4.444949335591334,2.5069665023505223,2.868983743027684
you,424.7876037380937,26.04528388003073,19.742048477669428,13.120801172677247,2.2205800012159855,-4.614015572936728,5.822818563391283,1.9255353011481233,-0.6040783590143803,-0.29821671204416944,1.8436057555497598,2.201473023114037,2.1878454965921703
you,587.1676516778901,4.87588391533013,15.321227630088993,4.760755626585983,7.8139817365021,2.2480916643748454,4.78181064326313,1.6599229584033353,3.1163568346965143,2.0295526613104116,2.9271458900111185,0.03346904183292665,0.41149250479339017
you,527.3419228375016,11.96190263852476,20.535591387911968,7.970802357566512,6.927513187844717,0.7261379895332336,4.061128443491414,0.23542715321651464,1.8954811306716763,0.9167511755893507,1.9507084616903914,1.842544922175085,2.1245879606618914
you,507.2516124481464,5.065153968610927,20.81275072163863,6.335557504865719,11.65504736380029,3.8146809028151356,4.8687414135175064,0.7506813136439767,4.924954708986382,2.562329427483446,5.810211441837751,3.6996496809191193,4.402435875867937
you,534.3266768074702,-2.7581382274863184,11.68991414895238,5.309088249527909,8.358305340556516,4.023110726936897,6.190834354778264,4.116844560469815,5.664190914879853,2.3933915315072234,3.0425904092565066,2.709186450108355,3.3813572778925156
you,538.0471962091697,10.61799659635093,18.143617757884712,3.5655945054683187,3.319644006397052,1.4487661607928768,3.3055221842798677,0.7650199521744199,2.1595518174975474,0.8665196244133426,3.333494603716309,3.192295960123433,2.374430956333242
you,537.4208515366136,8.27571118586488,15.381125637636918,2.279346770815634,4.253341863422506,0.1160300645411283,5.417874251367655,1.8790077691673943,3.4117214399740163,2.2616762104171926,3.2506525825774126,3.454775754818593,3.516393928212244
you,588.1893965856892,2.205145830946387,17.38593972788178,4.988106609473888,6.150440762101537,0.7103949216965333,2.791469927343119,0.46305268841177316,2.461366685214834,1.393533169046398,3.217859603829151,2.5300503132565613,3.080853286557467
you,525.4144494525042,11.091470457048802,20.8971199681354,4.780936040250577,5.751185933157975,2.227444963681215,3.6161544771302534,1.021892432929846,2.9783120060324357,0.4646887438575593,2.7249808265875384,1.4662047706599708,1.060659800883343
you,464.22146167352406,21.64584812815849,27.350217869793784,20.06101268100415,-0.39206675721520057,-0.9084663154461108,6.377064445324288,0.25556959426929104,-1.632692641963672,0.871630883348681,-1.8800440690098057,2.098433986100396,3.314662833702844
you,540.204344101037,11.415579591011976,17.106983073321246,4.001043983442276,6.044425959499554,1.9665185796663884,2.3961107476798063,1.6306790626602137,3.6965829556191956,0.6628763282700589,3.302526406434989,1.7816746588158736,2.602180405582075
you,488.43073881309994,11.604145424935794,24.442560110726994,13.920647483849818,4.894156240162838,2.2544657920860605,7.104791554037288,1.788214316732189,-0.30744131097703686,3.8207023991386286,3.0515992767936275,-1.7330571896883544,-3.038256369212423
you,568.3718924572806,5.556821822736932,21.0210730488239,5.6160274602728535,5.41235108049686,-0.1384771274872616,3.1686315096713358,1.9608192155359756,4.30470706526936,1.8924614960798412,4.525726796026623,1.8222422881938005,2.949597991608446
you,533.9375047604915,14.57689343864782,20.546325090216506,3.603013628195935,5.545154859684914,0.4492853765540019,4.663921608021582,-1.2368831837811936,1.0179076373655391,2.5139321467771616,2.2762497354412847,1.961633102369154,1.665450927996309
you,540.6528460367078,13.301377303412615,17.69227858296634,3.3028120247797297,3.6096429642084846,-0.4552032242024744,2.72693293570995,2.2914038483849293,3.1353744716800644,1.1065249279313711,3.50840918561531,2.736051094710094,1.7585409949419617
you,520.729247302565,4.1301477918478735,16.5608600604907,7.696620250586294,9.661131688439257,3.684106706500682,5.495704800920537,-0.06310379440178338,1.7769175433742426,1.764591322913331,2.8858992328141966,3.3351246369095993,2.8424447317801516
you,524.3528795961732,10.88813035615033,20.331433285678088,8.14270680910885,7.938841993304903,2.17783660995989,2.7052937926674634,2.6191133432883014,3.9132669061649015,2.8238542063905836,3.9418304341006163,2.4897333795169896,1.9503301049699466
you,512.6771023840574,14.993424058425946,16.19495844926105,6.950091026699029,7.098137695236048,-2.958234614993236,3.4472449397187415,2.493532157805385,1.924188469579784,2.9297693038117494,3.9930803273399036,1.3594277394595817,1.4588291744048085
you,500.19049569285545,16.75012022970091,20.0378188465765,9.818876413504654,6.814732108311691,0.22800520953419046,4.414204312326454,0.44034901655964553,2.4137581223993845,1.0516955419100231,2.422825093858517,0.8742758573682821,2.294771964616686
you,521.0305655180512,17.428522051549734,21.9028544972887,5.96373357057268,4.966216148662921,-0.5163222215002907,4.3514654109964255,2.971925441977918,2.0879194884318046,2.2977664725525457,2.3679511555214887,-1.2421598201734962,2.1807399317270644
you,507.3362208133577,17.875366918156416,22.405340390160475,4.145577964192036,4.595425378502023,-0.2936899202109835,4.241548694735661,0.45083892389632396,1.5609098411851328,1.7573109931060085,3.242043508263164,1.385662916512043,1.9147040134103328
you,518.8987326793911,12.960203950832874,21.147373402530622,6.117944391486015,5.910050073339935,1.204909814626765,1.5951958190471451,1.2403272356804358,2.2673279416830017,2.525730630114479,2.9871757798309204,3.1073296127655397,2.744512967847127
you,529.4657603154706,14.374793652019696,17.22717668511148,4.312294662797051,3.7976212134799816,1.5178403177414985,3.533623424292088,2.39740685381617,3.9326710054237193,3.1114109421583986,1.7514026622629437,1.9672556787764428,2.361785893920004
you,531.6032449768904,12.963727906765625,18.25611355742931,5.136399928647625,6.4307625849218475,1.6196262991817871,3.1845916567286956,0.9957370324684405,3.2393941361195946,1.3830895454343288,2.5050086913556715,0.024268508406082745,1.293727571945407
you,528.1131628008684,11.62847840839862,19.916054558579347,3.7445316542682825,5.446177741386297,3.1583415792004743,4.935765174080892,4.120057795588238,3.5508384021402986,2.656370084575988,3.014168599170251,1.8891842517388753,1.843309276171949
you,528.3476200471293,12.103366176589404,16.834781907465107,5.999868098737593,5.849921764984211,2.132742751746896,5.743424731666039,2.8475045375260386,4.939438328942293,2.315350240517347,3.3206968872960676,3.9812553393432992,2.0598694523957217
you,588.1618942968443,7.836945877435626,12.930664172158489,6.7660091518300405,6.484532181467339,3.3744794214913245,3.9479868871640633,3.1830568404943556,2.65946734123051,0.6665076085637285,1.0495813797921674,0.46253453212567486,-0.04083177850354858
you,498.1783320730706,13.12586275150473,8.984887665771003,17.426913813184335,8.43773590574994,-2.91748171045864,0.05953308279338998,6.888510314435798,2.667617590126005,-2.702947649645642,1.50693802888369,3.0589913668703126,-1.1204114732017594
you,526.1394292987076,14.068525432799948,11.862394540905273,7.104041017196566,6.623790933181532,3.899095464252449,7.747736112124841,1.1687787197816277,0.633245801226737,0.6806165741331345,0.45250480722997644,2.096618960196425,1.6211927079870119
you,546.6006608136664,7.185370938640567,3.505892242698474,0.06825563444673755,3.138868696116214,3.2782942342992243,6.160064707441084,5.809087088954632,6.099171221134277,3.1519446600221244,3.0767774020145975,1.5605538314517098,1.5381270899728587
you,584.0799110021047,-1.2210260667886423,3.8417961651505266,0.17215665596529917,5.75499169094636,5.262015767011025,6.950621118103848,4.7809853563775615,4.727458196357336,3.3189051703735792,2.237109821274581,1.041604476147727,2.1931754374787698
you,546.3370820254673,10.886323694066165,0.5568414398114623,-2.147916577718963,2.2544187469532417,1.7342777981020596,4.1867128034171,3.3387383726430926,2.7523129343970556,2.271851653667065,2.0503906570712225,2.2053030908086573,2.651429823257139
you,548.6740476234155,7.105557289246823,9.739222152093832,1.1920606407567185,4.419402342215472,1.1672663357858681,3.790143788225892,4.546167700776778,4.42060745747399,3.8131235438204776,3.084571976712013,1.4927809931931257,1.4979925787071888
you,606.3607799820367,-0.7259289955099835,7.345335898237757,6.169209341239805,9.772355586684641,2.513420747887629,3.5097144137080534,4.4034458754131105,3.74115589964884,1.3464036177849383,2.155548321937408,1.7124962171679528,1.5778545604314758
you,510.26468664613907,19.377429463844315,13.849233736171103,1.8662464613283163,7.804208056741055,4.319891841716355,6.458930710346712,4.44312438419165,0.8554453552760712,2.216340844446263,5.383676205504388,3.707819847835408,2.2937131813350806
you,587.4437809052754,7.2391649197133905,10.627051344477685,5.3663496701625615,4.5438461452011545,1.98642993285692,2.747536109273984,1.26421288388093,1.784621545671282,1.3062631578467734,2.5668864698597744,2.8434787850104026,3.6179272005235283
you,544.1690808272124,11.958216121959472,7.163783197478903,5.3536421908695715,6.29317401088972,2.809290652573157,3.9052245951602007,0.4636251868572092,-0.2565265358891011,-1.3212069720994464,3.492520660307175,4.399542609641804,2.3708310870377627
you,584.7934394787185,1.314352740432632,5.498608171490961,3.3119335159405434,5.141629928611314,4.986074352427487,6.050369868381496,4.1652741808398,4.050521263571339,3.716002171173953,3.251153151120766,1.7640299914735476,2.4646829448488727
you,548.8792125747772,10.579473685311733,12.31287214583386,4.189258964400816,5.647595984419041,2.8193806956695298,4.324592754567902,3.0161873547342175,2.2114805070407932,2.008635318352219,2.613140881279886,2.9125554443996915,2.3506368575941554
you,513.13812660146,16.683540585808387,6.845425071062799,6.221825194149268,3.3566815573129603,-5.179269219090061,-1.9241465086760101,2.0208651411714804,-1.1372508248435906,1.8525682255199367,3.3952760551726255,3.1575295746776693,5.758427681853806
you,585.2404692846133,3.154173229140918,12.68009654531968,6.851207741730798,4.777015145727919,4.416292528478362,4.991765696255271,1.3238801972528407,2.721772597777113,2.431884741565977,1.794241372413559,0.8720837847145919,0.1691030724440843
you,542.6468720092628,14.526072573503182,15.635815969725476,1.9168349035011385,8.31569733914909,5.504057719545475,3.2098949344450585,0.633471750343551,0.8604605700120214,-0.13072330730968496,-1.44295156377337,-0.322799830120303,-0.34592096497221014
you,542.7727343903681,9.060483708674054,11.665559694003868,8.516654482215596,6.261252816598008,2.7632764845991016,4.3999851878259655,2.3696486417768785,3.136740378279997,0.9901860059732073,0.607888039233714,-1.090897868686655,-1.0991284066376021
you,543.4764959916687,1.299337836575413,9.47108535367659,6.173931827674835,5.8307712579313495,4.127661982649066,4.6684517976584825,5.137038462566169,3.5643847824895456,2.907478534172837,2.6072230660788254,2.6069676439267973,1.2195077252465811
you,586.0737689827274,2.7618343798223357,10.945473524901521,5.2185666844726875,6.90121880506466,3.908009405178058,4.102890013563703,3.0058652323789694,3.809521267850304,2.0822823298518696,2.7404303770807132,0.9063457665291175,0.9130017962367756
you,539.1264082962019,15.394812525593798,12.19419029127732,4.402532096186389,5.705081590060903,1.8756804935542117,3.8881185646664846,0.6373053439947505,1.3189171662959058,-0.2590476746418773,1.2089453215784935,0.05629477372957936,1.053076760414653
you,537.7721262327028,17.80254300464592,13.632604358615563,7.491802124448146,6.739173524309841,1.2923506542339478,5.128100692951373,3.268238714777352,0.7193500547658669,0.4085854715340034,1.809647580711104,0.7095505730104232,1.4709645119535946
you,540.8473543520179,11.728057109504528,8.908430223985421,4.411645875516109,5.663351981820247,1.642765366264296,3.0670358475586212,1.2292467231325048,0.40828481001201666,2.5934841170118723,2.426156979939339,2.321903865959815,1.4457902661494924
you,547.0548450847947,8.444323284204202,10.82105031612666,6.653315120127338,4.122024482687307,1.02458059104484,0.9305966184179617,2.726647667231907,2.2432388550151536,2.3663729937352738,2.1313599789232818,1.5536088646737767,2.5898461692740735
you,546.7508014029636,11.510179181932308,11.509144375540442,5.060453415935985,6.012370508298815,3.8253993500875882,3.4250195398778054,3.9465197105296497,2.8948718246740004,2.173771899994307,2.4997655496788926,1.0416744853575555,2.1550684001750255
you,543.3649544793426,5.345551629646149,8.881783416876017,6.096976154749491,5.583156095838863,5.15674570034157,5.3452749661450305,1.6046287535899832,2.6029736032152258,3.6478569936633143,3.8666883834560615,2.8305437784091385,3.807794217790109
you,550.5238236912068,9.56630980872111,8.417641980018104,4.928018174981458,3.4385279522478633,1.7182226178411568,2.4033198601831174,2.1033921857907636,1.5374307817907695,1.7320141637748314,1.3579913618814299,1.1247478110092732,2.2741664696201003
you,559.2320544765458,11.669353499375434,14.973086636468004,11.387932517937015,8.380372690512099,-0.5632350798712515,0.2748542879549465,4.10024834903005,1.1718141257209762,-1.7033948384718887,5.200183827543295,3.7536231528264032,-0.8627232212195644
you,538.296647707761,4.253480924102606,9.312413417465086,7.681009629308679,4.250187591537001,4.699760458248766,3.235376346214407,1.902513108175766,3.954063998768513,3.196910319263731,4.894957557580828,3.7686051578899615,3.415057035898153
you,540.5893639056842,10.471306420009133,8.163740472399924,5.403114313831049,2.0395469622413174,3.1686370990108337,3.919162823119418,1.6343138692427601,2.7483472496171792,2.2462122199046153,0.7603292810702023,2.564286940630545,2.921580588782465
you,542.7081802038557,5.240445533183236,7.468860982698974,8.528210036297532,5.977993540081364,3.031087740406152,5.211767893232521,4.881484203106751,3.856378608711818,1.8837930782239027,3.1830346491326598,1.2853373247019935,0.8701584043715638
you,576.0260271907056,5.94201531414182,8.467352427618309,7.537597860015843,7.207132986335514,4.510192039594795,4.360569032342161,2.6290018220558196,3.4248151538955565,2.779610896557939,3.6320186947571393,3.14830675383671,2.8387274163697125
you,542.3063715156983,13.647860800193612,7.497112806648932,5.065698973556993,3.331242779312525,0.677896499644774,3.3298434865307964,0.5573397726554443,1.688664417281446,3.1939889611076566,4.261030466852205,4.425468941046175,4.3334739773651325
you,589.641064364898,8.034857666904145,8.911277801179965,5.1258264087877645,4.97938938673008,3.0677833604672546,3.4044536742791784,2.379181115005533,2.553922380443449,1.6637731028079568,2.639154279716754,1.8525472175769462,2.653680445764925
you,545.9612688421681,2.575823158006349,8.218498581836322,6.667425600304524,6.544566961657562,4.192158343355606,5.691523773467802,4.570897031655441,3.1764471600957087,1.0638884648899065,3.2297517134406633,2.7425055508802867,1.2266235053166525
you,542.7834322661186,0.21023541378257704,5.839954509549143,6.965769046122729,7.778255126301737,4.782110564897959,4.33873745891311,3.6864120237162457,3.467127329234689,3.355908116749447,1.67759851522273,1.620945386756631,3.032375344135179
you,586.2393103759338,-0.6188873326065778,8.296423964356663,4.368535873492119,6.315602597994433,2.8708075156950468,4.6839368024473025,3.156562561700593,2.832641668463504,2.0229444558662824,3.948016232681656,2.446874989909361,2.5526122745134288
you,539.6848695599307,12.162820208017589,8.245039296966711,5.259433002945983,5.993445295658539,5.603187709630783,4.277742507305835,0.8609810278705776,3.356453007040372,1.524971058344713,1.8830483583402238,2.990330395931979,2.089724416697395
you,596.6374591300912,4.951598965643276,13.114684703711422,4.246013999176755,4.975847604056417,2.9020002999884866,2.948055728055003,1.006454419616519,1.655748794856871,0.8682630041078596,1.7601995319834298,0.20011192316257542,1.2750784397261814
you,538.953784977574,6.606425654335794,10.859159568657104,4.4561942192026525,6.325662334638238,4.28767326662528,6.599236533256825,4.255697212244597,4.298478109424664,1.9515171598877714,1.5789261036438926,-0.44307197235116824,0.5827055369692591
you,597.4022145554909,4.619161705765162,11.537199306527075,1.823870639054789,3.400054003015505,0.5281151435998037,3.0956591885213527,3.6392205233664168,3.86637757674346,2.6555005026843705,3.0118089299892628,3.5937939582763097,1.8370292354742297
you,583.811296802179,-0.5186287306478761,10.16646430389289,3.438104105224715,5.197314788680137,4.335840796550187,3.154245504947294,1.6466744000714346,2.976051402402435,3.7689942137945724,3.6436316450329223,3.429234445728035,2.5526300774559836
you,599.6070784947182,7.040772578944052,14.385482145659866,4.626446328696016,3.593654847392001,2.847125327290792,3.6326033894926066,2.5277690791110388,2.3857818865408973,0.8479263767734686,0.9588987811804035,0.222418406557372,0.829779158078388
you,535.2504983891237,17.868849801842746,14.052508701281877,3.2894465950339846,0.6998556386976826,-0.09592375115131802,3.2371469869499983,-0.10379884511509907,2.250445022998015,3.632395294989472,1.3426153478050296,1.4231166200465868,2.458241377442196
Hi,-Infinity,NaN,NaN,NaN,NaN,NaN,NaN,NaN,NaN,NaN,NaN,NaN,NaN
